pair_id,variant,actual_person,subject,prefix_text,target_form,layer,correct_candidate_form,correct_candidate_type,correct_candidate_tokens,correct_candidate_token_ids,correct_score_sum,best_wrong_score_sum,person_margin_sum,correct_form_rank_sum,best_wrong_person_sum,best_wrong_form_sum,selected_person_sum,selected_form_sum,selected_is_correct_sum,correct_score_mean,best_wrong_score_mean,person_margin_mean,correct_form_rank_mean,best_wrong_person_mean,best_wrong_form_mean,selected_person_mean,selected_form_mean,selected_is_correct_mean,condition,condition_label,cue_type
phase1_ambiguous_prodrop_1p,ambiguous_prodrop,1p,,Her gün okula ,gidiyoruz,0,gidiyoruz,A_merged,gidiyoruz,19015,-644.5890502929688,-640.9400634765625,-3.64898681640625,4,3s,gidiyor,3s,gidiyor,False,-644.5890502929688,-364.88113021850586,-279.7079200744629,6,2p,gidiyorsunuz,2p,gidiyorsunuz,False,ambiguous_prodrop,Ambiguous pro-drop,none
phase1_ambiguous_prodrop_1p,ambiguous_prodrop,1p,,Her gün okula ,gidiyoruz,1,gidiyoruz,A_merged,gidiyoruz,19015,-489.1380310058594,-484.4312744140625,-4.706756591796875,6,3s,gidiyor,3s,gidiyor,False,-489.1380310058594,-242.622019469738,-246.51601153612137,6,2p,gidiyorsunuz,2p,gidiyorsunuz,False,ambiguous_prodrop,Ambiguous pro-drop,none
phase1_ambiguous_prodrop_1p,ambiguous_prodrop,1p,,Her gün okula ,gidiyoruz,2,gidiyoruz,A_merged,gidiyoruz,19015,-178.80337524414062,-174.76602172851562,-4.037353515625,5,3s,gidiyor,3s,gidiyor,False,-178.80337524414062,-87.9318078160286,-90.87156742811203,5,2p,gidiyorsunuz,2p,gidiyorsunuz,False,ambiguous_prodrop,Ambiguous pro-drop,none
phase1_ambiguous_prodrop_1p,ambiguous_prodrop,1p,,Her gün okula ,gidiyoruz,3,gidiyoruz,A_merged,gidiyoruz,19015,-212.36639404296875,-208.4141387939453,-3.9522552490234375,5,3s,gidiyor,3s,gidiyor,False,-212.36639404296875,-105.02284646034241,-107.34354758262634,5,2p,gidiyorsunuz,2p,gidiyorsunuz,False,ambiguous_prodrop,Ambiguous pro-drop,none
phase1_ambiguous_prodrop_1p,ambiguous_prodrop,1p,,Her gün okula ,gidiyoruz,4,gidiyoruz,A_merged,gidiyoruz,19015,-175.42662048339844,-171.9226531982422,-3.50396728515625,5,3s,gidiyor,3s,gidiyor,False,-175.42662048339844,-86.7762861251831,-88.65033435821533,5,2p,gidiyorsunuz,2p,gidiyorsunuz,False,ambiguous_prodrop,Ambiguous pro-drop,none
phase1_ambiguous_prodrop_1p,ambiguous_prodrop,1p,,Her gün okula ,gidiyoruz,5,gidiyoruz,A_merged,gidiyoruz,19015,-8.88802719116211,-5.374414443969727,-3.513612747192383,4,3s,gidiyor,3s,gidiyor,False,-8.88802719116211,-4.182619571685791,-4.705407619476318,5,2p,gidiyorsunuz,2p,gidiyorsunuz,False,ambiguous_prodrop,Ambiguous pro-drop,none
phase1_ambiguous_prodrop_1p,ambiguous_prodrop,1p,,Her gün okula ,gidiyoruz,6,gidiyoruz,A_merged,gidiyoruz,19015,-9.044973373413086,-5.721663475036621,-3.323309898376465,4,3s,gidiyor,3s,gidiyor,False,-9.044973373413086,-3.9558191299438477,-5.089154243469238,5,2p,gidiyorsunuz,2p,gidiyorsunuz,False,ambiguous_prodrop,Ambiguous pro-drop,none
phase1_ambiguous_prodrop_1p,ambiguous_prodrop,1p,,Her gün okula ,gidiyoruz,7,gidiyoruz,A_merged,gidiyoruz,19015,-8.412353515625,-5.715874195098877,-2.696479320526123,4,3s,gidiyor,3s,gidiyor,False,-8.412353515625,-3.306326746940613,-5.106026768684387,5,2p,gidiyorsunuz,2p,gidiyorsunuz,False,ambiguous_prodrop,Ambiguous pro-drop,none
phase1_ambiguous_prodrop_1p,ambiguous_prodrop,1p,,Her gün okula ,gidiyoruz,8,gidiyoruz,A_merged,gidiyoruz,19015,-8.286458015441895,-4.832283973693848,-3.454174041748047,5,3s,gidiyor,3s,gidiyor,False,-8.286458015441895,-2.975569009780884,-5.310889005661011,5,2p,gidiyorsunuz,2p,gidiyorsunuz,False,ambiguous_prodrop,Ambiguous pro-drop,none
phase1_ambiguous_prodrop_1p,ambiguous_prodrop,1p,,Her gün okula ,gidiyoruz,9,gidiyoruz,A_merged,gidiyoruz,19015,-6.25911283493042,-3.2749743461608887,-2.9841384887695312,5,3s,gidiyor,3s,gidiyor,False,-6.25911283493042,-2.113788992166519,-4.145323842763901,5,2p,gidiyorsunuz,2p,gidiyorsunuz,False,ambiguous_prodrop,Ambiguous pro-drop,none
phase1_ambiguous_prodrop_1p,ambiguous_prodrop,1p,,Her gün okula ,gidiyoruz,10,gidiyoruz,A_merged,gidiyoruz,19015,-5.087337493896484,-3.3733222484588623,-1.714015245437622,3,3s,gidiyor,3s,gidiyor,False,-5.087337493896484,-2.6417042016983032,-2.445633292198181,5,2p,gidiyorsunuz,2p,gidiyorsunuz,False,ambiguous_prodrop,Ambiguous pro-drop,none
phase1_ambiguous_prodrop_1p,ambiguous_prodrop,1p,,Her gün okula ,gidiyoruz,11,gidiyoruz,A_merged,gidiyoruz,19015,-3.9021477699279785,-2.9341702461242676,-0.9679775238037109,3,1s,gidiyorum,1s,gidiyorum,False,-3.9021477699279785,-2.5059025287628174,-1.3962452411651611,5,2p,gidiyorsunuz,2p,gidiyorsunuz,False,ambiguous_prodrop,Ambiguous pro-drop,none
phase1_ambiguous_prodrop_1s,ambiguous_prodrop,1s,,Her gün okula ,gidiyorum,0,gidiyorum,A_merged,gidiyorum,23301,-643.226806640625,-640.9400634765625,-2.2867431640625,2,3s,gidiyor,3s,gidiyor,False,-643.226806640625,-364.88113021850586,-278.34567642211914,4,2p,gidiyorsunuz,2p,gidiyorsunuz,False,ambiguous_prodrop,Ambiguous pro-drop,none
phase1_ambiguous_prodrop_1s,ambiguous_prodrop,1s,,Her gün okula ,gidiyorum,1,gidiyorum,A_merged,gidiyorum,23301,-487.8515625,-484.4312744140625,-3.4202880859375,5,3s,gidiyor,3s,gidiyor,False,-487.8515625,-242.622019469738,-245.229543030262,5,2p,gidiyorsunuz,2p,gidiyorsunuz,False,ambiguous_prodrop,Ambiguous pro-drop,none
phase1_ambiguous_prodrop_1s,ambiguous_prodrop,1s,,Her gün okula ,gidiyorum,2,gidiyorum,A_merged,gidiyorum,23301,-177.69117736816406,-174.76602172851562,-2.9251556396484375,4,3s,gidiyor,3s,gidiyor,False,-177.69117736816406,-87.9318078160286,-89.75936955213547,4,2p,gidiyorsunuz,2p,gidiyorsunuz,False,ambiguous_prodrop,Ambiguous pro-drop,none
phase1_ambiguous_prodrop_1s,ambiguous_prodrop,1s,,Her gün okula ,gidiyorum,3,gidiyorum,A_merged,gidiyorum,23301,-210.47549438476562,-208.4141387939453,-2.0613555908203125,3,3s,gidiyor,3s,gidiyor,False,-210.47549438476562,-105.02284646034241,-105.45264792442322,4,2p,gidiyorsunuz,2p,gidiyorsunuz,False,ambiguous_prodrop,Ambiguous pro-drop,none
phase1_ambiguous_prodrop_1s,ambiguous_prodrop,1s,,Her gün okula ,gidiyorum,4,gidiyorum,A_merged,gidiyorum,23301,-174.36753845214844,-171.9226531982422,-2.44488525390625,3,3s,gidiyor,3s,gidiyor,False,-174.36753845214844,-86.7762861251831,-87.59125232696533,4,2p,gidiyorsunuz,2p,gidiyorsunuz,False,ambiguous_prodrop,Ambiguous pro-drop,none
phase1_ambiguous_prodrop_1s,ambiguous_prodrop,1s,,Her gün okula ,gidiyorum,5,gidiyorum,A_merged,gidiyorum,23301,-8.252352714538574,-5.374414443969727,-2.8779382705688477,2,3s,gidiyor,3s,gidiyor,False,-8.252352714538574,-4.182619571685791,-4.069733142852783,4,2p,gidiyorsunuz,2p,gidiyorsunuz,False,ambiguous_prodrop,Ambiguous pro-drop,none
phase1_ambiguous_prodrop_1s,ambiguous_prodrop,1s,,Her gün okula ,gidiyorum,6,gidiyorum,A_merged,gidiyorum,23301,-7.465579986572266,-5.721663475036621,-1.7439165115356445,2,3s,gidiyor,3s,gidiyor,False,-7.465579986572266,-3.9558191299438477,-3.509760856628418,4,2p,gidiyorsunuz,2p,gidiyorsunuz,False,ambiguous_prodrop,Ambiguous pro-drop,none
phase1_ambiguous_prodrop_1s,ambiguous_prodrop,1s,,Her gün okula ,gidiyorum,7,gidiyorum,A_merged,gidiyorum,23301,-7.0218048095703125,-5.715874195098877,-1.3059306144714355,3,3s,gidiyor,3s,gidiyor,False,-7.0218048095703125,-3.306326746940613,-3.7154780626296997,4,2p,gidiyorsunuz,2p,gidiyorsunuz,False,ambiguous_prodrop,Ambiguous pro-drop,none
phase1_ambiguous_prodrop_1s,ambiguous_prodrop,1s,,Her gün okula ,gidiyorum,8,gidiyorum,A_merged,gidiyorum,23301,-6.035080909729004,-4.832283973693848,-1.2027969360351562,3,3s,gidiyor,3s,gidiyor,False,-6.035080909729004,-2.975569009780884,-3.05951189994812,4,2p,gidiyorsunuz,2p,gidiyorsunuz,False,ambiguous_prodrop,Ambiguous pro-drop,none
phase1_ambiguous_prodrop_1s,ambiguous_prodrop,1s,,Her gün okula ,gidiyorum,9,gidiyorum,A_merged,gidiyorum,23301,-3.996286392211914,-3.2749743461608887,-0.7213120460510254,2,3s,gidiyor,3s,gidiyor,False,-3.996286392211914,-2.113788992166519,-1.882497400045395,4,2p,gidiyorsunuz,2p,gidiyorsunuz,False,ambiguous_prodrop,Ambiguous pro-drop,none
phase1_ambiguous_prodrop_1s,ambiguous_prodrop,1s,,Her gün okula ,gidiyorum,10,gidiyorum,A_merged,gidiyorum,23301,-3.5905520915985107,-3.3733222484588623,-0.21722984313964844,2,3s,gidiyor,3s,gidiyor,False,-3.5905520915985107,-2.6417042016983032,-0.9488478899002075,4,2p,gidiyorsunuz,2p,gidiyorsunuz,False,ambiguous_prodrop,Ambiguous pro-drop,none
phase1_ambiguous_prodrop_1s,ambiguous_prodrop,1s,,Her gün okula ,gidiyorum,11,gidiyorum,A_merged,gidiyorum,23301,-2.9341702461242676,-3.014890193939209,0.0807199478149414,1,3s,gidiyor,1s,gidiyorum,True,-2.9341702461242676,-2.5059025287628174,-0.4282677173614502,2,2p,gidiyorsunuz,2p,gidiyorsunuz,False,ambiguous_prodrop,Ambiguous pro-drop,none
phase1_ambiguous_prodrop_2p,ambiguous_prodrop,2p,,Her gün okula ,gidiyorsunuz,0,gidiyorsunuz,B_suffix_split,gidiyor | sunuz,6215 | 1711,-729.7622604370117,-640.9400634765625,-88.82219696044922,5,3s,gidiyor,3s,gidiyor,False,-364.88113021850586,-365.33393478393555,0.4528045654296875,1,2s,gidiyorsun,2p,gidiyorsunuz,True,ambiguous_prodrop,Ambiguous pro-drop,none
phase1_ambiguous_prodrop_2p,ambiguous_prodrop,2p,,Her gün okula ,gidiyorsunuz,1,gidiyorsunuz,B_suffix_split,gidiyor | sunuz,6215 | 1711,-485.244038939476,-484.4312744140625,-0.8127645254135132,2,3s,gidiyor,3s,gidiyor,False,-242.622019469738,-243.23843121528625,0.6164117455482483,1,2s,gidiyorsun,2p,gidiyorsunuz,True,ambiguous_prodrop,Ambiguous pro-drop,none
phase1_ambiguous_prodrop_2p,ambiguous_prodrop,2p,,Her gün okula ,gidiyorsunuz,2,gidiyorsunuz,B_suffix_split,gidiyor | sunuz,6215 | 1711,-175.8636156320572,-174.76602172851562,-1.097593903541565,2,3s,gidiyor,3s,gidiyor,False,-87.9318078160286,-88.25166684389114,0.31985902786254883,1,2s,gidiyorsun,2p,gidiyorsunuz,True,ambiguous_prodrop,Ambiguous pro-drop,none
phase1_ambiguous_prodrop_2p,ambiguous_prodrop,2p,,Her gün okula ,gidiyorsunuz,3,gidiyorsunuz,B_suffix_split,gidiyor | sunuz,6215 | 1711,-210.04569292068481,-208.4141387939453,-1.631554126739502,2,3s,gidiyor,3s,gidiyor,False,-105.02284646034241,-105.23791861534119,0.2150721549987793,1,2s,gidiyorsun,2p,gidiyorsunuz,True,ambiguous_prodrop,Ambiguous pro-drop,none
phase1_ambiguous_prodrop_2p,ambiguous_prodrop,2p,,Her gün okula ,gidiyorsunuz,4,gidiyorsunuz,B_suffix_split,gidiyor | sunuz,6215 | 1711,-173.5525722503662,-171.9226531982422,-1.6299190521240234,2,3s,gidiyor,3s,gidiyor,False,-86.7762861251831,-87.21417951583862,0.4378933906555176,1,2s,gidiyorsun,2p,gidiyorsunuz,True,ambiguous_prodrop,Ambiguous pro-drop,none
phase1_ambiguous_prodrop_2p,ambiguous_prodrop,2p,,Her gün okula ,gidiyorsunuz,5,gidiyorsunuz,B_suffix_split,gidiyor | sunuz,6215 | 1711,-8.365239143371582,-5.374414443969727,-2.9908246994018555,3,3s,gidiyor,3s,gidiyor,False,-4.182619571685791,-4.522101640701294,0.33948206901550293,1,2s,gidiyorsun,2p,gidiyorsunuz,True,ambiguous_prodrop,Ambiguous pro-drop,none
phase1_ambiguous_prodrop_2p,ambiguous_prodrop,2p,,Her gün okula ,gidiyorsunuz,6,gidiyorsunuz,B_suffix_split,gidiyor | sunuz,6215 | 1711,-7.911638259887695,-5.721663475036621,-2.189974784851074,3,3s,gidiyor,3s,gidiyor,False,-3.9558191299438477,-4.827549934387207,0.8717308044433594,1,2s,gidiyorsun,2p,gidiyorsunuz,True,ambiguous_prodrop,Ambiguous pro-drop,none
phase1_ambiguous_prodrop_2p,ambiguous_prodrop,2p,,Her gün okula ,gidiyorsunuz,7,gidiyorsunuz,B_suffix_split,gidiyor | sunuz,6215 | 1711,-6.612653493881226,-5.715874195098877,-0.8967792987823486,2,3s,gidiyor,3s,gidiyor,False,-3.306326746940613,-4.496170401573181,1.1898436546325684,1,2s,gidiyorsun,2p,gidiyorsunuz,True,ambiguous_prodrop,Ambiguous pro-drop,none
phase1_ambiguous_prodrop_2p,ambiguous_prodrop,2p,,Her gün okula ,gidiyorsunuz,8,gidiyorsunuz,B_suffix_split,gidiyor | sunuz,6215 | 1711,-5.951138019561768,-4.832283973693848,-1.11885404586792,2,3s,gidiyor,3s,gidiyor,False,-2.975569009780884,-3.733734369277954,0.7581653594970703,1,2s,gidiyorsun,2p,gidiyorsunuz,True,ambiguous_prodrop,Ambiguous pro-drop,none
phase1_ambiguous_prodrop_2p,ambiguous_prodrop,2p,,Her gün okula ,gidiyorsunuz,9,gidiyorsunuz,B_suffix_split,gidiyor | sunuz,6215 | 1711,-4.227577984333038,-3.2749743461608887,-0.9526036381721497,3,3s,gidiyor,3s,gidiyor,False,-2.113788992166519,-2.959218382835388,0.845429390668869,1,2s,gidiyorsun,2p,gidiyorsunuz,True,ambiguous_prodrop,Ambiguous pro-drop,none
phase1_ambiguous_prodrop_2p,ambiguous_prodrop,2p,,Her gün okula ,gidiyorsunuz,10,gidiyorsunuz,B_suffix_split,gidiyor | sunuz,6215 | 1711,-5.2834084033966064,-3.3733222484588623,-1.9100861549377441,4,3s,gidiyor,3s,gidiyor,False,-2.6417042016983032,-2.938485264778137,0.296781063079834,1,2s,gidiyorsun,2p,gidiyorsunuz,True,ambiguous_prodrop,Ambiguous pro-drop,none
phase1_ambiguous_prodrop_2p,ambiguous_prodrop,2p,,Her gün okula ,gidiyorsunuz,11,gidiyorsunuz,B_suffix_split,gidiyor | sunuz,6215 | 1711,-5.011805057525635,-2.9341702461242676,-2.077634811401367,5,1s,gidiyorum,1s,gidiyorum,False,-2.5059025287628174,-2.9341702461242676,0.4282677173614502,1,1s,gidiyorum,2p,gidiyorsunuz,True,ambiguous_prodrop,Ambiguous pro-drop,none
phase1_ambiguous_prodrop_2s,ambiguous_prodrop,2s,,Her gün okula ,gidiyorsun,0,gidiyorsun,B_suffix_split,gidiyor | sun,6215 | 833,-730.6678695678711,-640.9400634765625,-89.7278060913086,6,3s,gidiyor,3s,gidiyor,False,-365.33393478393555,-364.88113021850586,-0.4528045654296875,2,2p,gidiyorsunuz,2p,gidiyorsunuz,False,ambiguous_prodrop,Ambiguous pro-drop,none
phase1_ambiguous_prodrop_2s,ambiguous_prodrop,2s,,Her gün okula ,gidiyorsun,1,gidiyorsun,B_suffix_split,gidiyor | sun,6215 | 833,-486.4768624305725,-484.4312744140625,-2.0455880165100098,3,3s,gidiyor,3s,gidiyor,False,-243.23843121528625,-242.622019469738,-0.6164117455482483,2,2p,gidiyorsunuz,2p,gidiyorsunuz,False,ambiguous_prodrop,Ambiguous pro-drop,none
phase1_ambiguous_prodrop_2s,ambiguous_prodrop,2s,,Her gün okula ,gidiyorsun,2,gidiyorsun,B_suffix_split,gidiyor | sun,6215 | 833,-176.5033336877823,-174.76602172851562,-1.7373119592666626,3,3s,gidiyor,3s,gidiyor,False,-88.25166684389114,-87.9318078160286,-0.31985902786254883,2,2p,gidiyorsunuz,2p,gidiyorsunuz,False,ambiguous_prodrop,Ambiguous pro-drop,none
phase1_ambiguous_prodrop_2s,ambiguous_prodrop,2s,,Her gün okula ,gidiyorsun,3,gidiyorsun,B_suffix_split,gidiyor | sun,6215 | 833,-210.47583723068237,-208.4141387939453,-2.0616984367370605,4,3s,gidiyor,3s,gidiyor,False,-105.23791861534119,-105.02284646034241,-0.2150721549987793,2,2p,gidiyorsunuz,2p,gidiyorsunuz,False,ambiguous_prodrop,Ambiguous pro-drop,none
phase1_ambiguous_prodrop_2s,ambiguous_prodrop,2s,,Her gün okula ,gidiyorsun,4,gidiyorsun,B_suffix_split,gidiyor | sun,6215 | 833,-174.42835903167725,-171.9226531982422,-2.5057058334350586,4,3s,gidiyor,3s,gidiyor,False,-87.21417951583862,-86.7762861251831,-0.4378933906555176,2,2p,gidiyorsunuz,2p,gidiyorsunuz,False,ambiguous_prodrop,Ambiguous pro-drop,none
phase1_ambiguous_prodrop_2s,ambiguous_prodrop,2s,,Her gün okula ,gidiyorsun,5,gidiyorsun,B_suffix_split,gidiyor | sun,6215 | 833,-9.044203281402588,-5.374414443969727,-3.6697888374328613,5,3s,gidiyor,3s,gidiyor,False,-4.522101640701294,-4.182619571685791,-0.33948206901550293,2,2p,gidiyorsunuz,2p,gidiyorsunuz,False,ambiguous_prodrop,Ambiguous pro-drop,none
phase1_ambiguous_prodrop_2s,ambiguous_prodrop,2s,,Her gün okula ,gidiyorsun,6,gidiyorsun,B_suffix_split,gidiyor | sun,6215 | 833,-9.655099868774414,-5.721663475036621,-3.933436393737793,6,3s,gidiyor,3s,gidiyor,False,-4.827549934387207,-3.9558191299438477,-0.8717308044433594,2,2p,gidiyorsunuz,2p,gidiyorsunuz,False,ambiguous_prodrop,Ambiguous pro-drop,none
phase1_ambiguous_prodrop_2s,ambiguous_prodrop,2s,,Her gün okula ,gidiyorsun,7,gidiyorsun,B_suffix_split,gidiyor | sun,6215 | 833,-8.992340803146362,-5.715874195098877,-3.2764666080474854,5,3s,gidiyor,3s,gidiyor,False,-4.496170401573181,-3.306326746940613,-1.1898436546325684,2,2p,gidiyorsunuz,2p,gidiyorsunuz,False,ambiguous_prodrop,Ambiguous pro-drop,none
phase1_ambiguous_prodrop_2s,ambiguous_prodrop,2s,,Her gün okula ,gidiyorsun,8,gidiyorsun,B_suffix_split,gidiyor | sun,6215 | 833,-7.467468738555908,-4.832283973693848,-2.6351847648620605,4,3s,gidiyor,3s,gidiyor,False,-3.733734369277954,-2.975569009780884,-0.7581653594970703,2,2p,gidiyorsunuz,2p,gidiyorsunuz,False,ambiguous_prodrop,Ambiguous pro-drop,none
phase1_ambiguous_prodrop_2s,ambiguous_prodrop,2s,,Her gün okula ,gidiyorsun,9,gidiyorsun,B_suffix_split,gidiyor | sun,6215 | 833,-5.918436765670776,-3.2749743461608887,-2.6434624195098877,4,3s,gidiyor,3s,gidiyor,False,-2.959218382835388,-2.113788992166519,-0.845429390668869,2,2p,gidiyorsunuz,2p,gidiyorsunuz,False,ambiguous_prodrop,Ambiguous pro-drop,none
phase1_ambiguous_prodrop_2s,ambiguous_prodrop,2s,,Her gün okula ,gidiyorsun,10,gidiyorsun,B_suffix_split,gidiyor | sun,6215 | 833,-5.876970529556274,-3.3733222484588623,-2.503648281097412,6,3s,gidiyor,3s,gidiyor,False,-2.938485264778137,-2.6417042016983032,-0.296781063079834,2,2p,gidiyorsunuz,2p,gidiyorsunuz,False,ambiguous_prodrop,Ambiguous pro-drop,none
phase1_ambiguous_prodrop_2s,ambiguous_prodrop,2s,,Her gün okula ,gidiyorsun,11,gidiyorsun,B_suffix_split,gidiyor | sun,6215 | 833,-6.104401588439941,-2.9341702461242676,-3.170231342315674,6,1s,gidiyorum,1s,gidiyorum,False,-3.0522007942199707,-2.5059025287628174,-0.5462982654571533,4,2p,gidiyorsunuz,2p,gidiyorsunuz,False,ambiguous_prodrop,Ambiguous pro-drop,none
phase1_ambiguous_prodrop_3p,ambiguous_prodrop,3p,,Her gün okula ,gidiyorlar,0,gidiyorlar,A_merged,gidiyorlar,41311,-643.2281494140625,-640.9400634765625,-2.2880859375,3,3s,gidiyor,3s,gidiyor,False,-643.2281494140625,-364.88113021850586,-278.34701919555664,5,2p,gidiyorsunuz,2p,gidiyorsunuz,False,ambiguous_prodrop,Ambiguous pro-drop,none
phase1_ambiguous_prodrop_3p,ambiguous_prodrop,3p,,Her gün okula ,gidiyorlar,1,gidiyorlar,A_merged,gidiyorlar,41311,-487.7298583984375,-484.4312744140625,-3.298583984375,4,3s,gidiyor,3s,gidiyor,False,-487.7298583984375,-242.622019469738,-245.1078389286995,4,2p,gidiyorsunuz,2p,gidiyorsunuz,False,ambiguous_prodrop,Ambiguous pro-drop,none
phase1_ambiguous_prodrop_3p,ambiguous_prodrop,3p,,Her gün okula ,gidiyorlar,2,gidiyorlar,A_merged,gidiyorlar,41311,-178.99072265625,-174.76602172851562,-4.224700927734375,6,3s,gidiyor,3s,gidiyor,False,-178.99072265625,-87.9318078160286,-91.0589148402214,6,2p,gidiyorsunuz,2p,gidiyorsunuz,False,ambiguous_prodrop,Ambiguous pro-drop,none
phase1_ambiguous_prodrop_3p,ambiguous_prodrop,3p,,Her gün okula ,gidiyorlar,3,gidiyorlar,A_merged,gidiyorlar,41311,-212.66159057617188,-208.4141387939453,-4.2474517822265625,6,3s,gidiyor,3s,gidiyor,False,-212.66159057617188,-105.02284646034241,-107.63874411582947,6,2p,gidiyorsunuz,2p,gidiyorsunuz,False,ambiguous_prodrop,Ambiguous pro-drop,none
phase1_ambiguous_prodrop_3p,ambiguous_prodrop,3p,,Her gün okula ,gidiyorlar,4,gidiyorlar,A_merged,gidiyorlar,41311,-175.74440002441406,-171.9226531982422,-3.821746826171875,6,3s,gidiyor,3s,gidiyor,False,-175.74440002441406,-86.7762861251831,-88.96811389923096,6,2p,gidiyorsunuz,2p,gidiyorsunuz,False,ambiguous_prodrop,Ambiguous pro-drop,none
phase1_ambiguous_prodrop_3p,ambiguous_prodrop,3p,,Her gün okula ,gidiyorlar,5,gidiyorlar,A_merged,gidiyorlar,41311,-9.403136253356934,-5.374414443969727,-4.028721809387207,6,3s,gidiyor,3s,gidiyor,False,-9.403136253356934,-4.182619571685791,-5.220516681671143,6,2p,gidiyorsunuz,2p,gidiyorsunuz,False,ambiguous_prodrop,Ambiguous pro-drop,none
phase1_ambiguous_prodrop_3p,ambiguous_prodrop,3p,,Her gün okula ,gidiyorlar,6,gidiyorlar,A_merged,gidiyorlar,41311,-9.163752555847168,-5.721663475036621,-3.442089080810547,5,3s,gidiyor,3s,gidiyor,False,-9.163752555847168,-3.9558191299438477,-5.20793342590332,6,2p,gidiyorsunuz,2p,gidiyorsunuz,False,ambiguous_prodrop,Ambiguous pro-drop,none
phase1_ambiguous_prodrop_3p,ambiguous_prodrop,3p,,Her gün okula ,gidiyorlar,7,gidiyorlar,A_merged,gidiyorlar,41311,-9.180747985839844,-5.715874195098877,-3.464873790740967,6,3s,gidiyor,3s,gidiyor,False,-9.180747985839844,-3.306326746940613,-5.874421238899231,6,2p,gidiyorsunuz,2p,gidiyorsunuz,False,ambiguous_prodrop,Ambiguous pro-drop,none
phase1_ambiguous_prodrop_3p,ambiguous_prodrop,3p,,Her gün okula ,gidiyorlar,8,gidiyorlar,A_merged,gidiyorlar,41311,-8.304781913757324,-4.832283973693848,-3.4724979400634766,6,3s,gidiyor,3s,gidiyor,False,-8.304781913757324,-2.975569009780884,-5.32921290397644,6,2p,gidiyorsunuz,2p,gidiyorsunuz,False,ambiguous_prodrop,Ambiguous pro-drop,none
phase1_ambiguous_prodrop_3p,ambiguous_prodrop,3p,,Her gün okula ,gidiyorlar,9,gidiyorlar,A_merged,gidiyorlar,41311,-6.825556755065918,-3.2749743461608887,-3.5505824089050293,6,3s,gidiyor,3s,gidiyor,False,-6.825556755065918,-2.113788992166519,-4.711767762899399,6,2p,gidiyorsunuz,2p,gidiyorsunuz,False,ambiguous_prodrop,Ambiguous pro-drop,none
phase1_ambiguous_prodrop_3p,ambiguous_prodrop,3p,,Her gün okula ,gidiyorlar,10,gidiyorlar,A_merged,gidiyorlar,41311,-5.65329647064209,-3.3733222484588623,-2.2799742221832275,5,3s,gidiyor,3s,gidiyor,False,-5.65329647064209,-2.6417042016983032,-3.0115922689437866,6,2p,gidiyorsunuz,2p,gidiyorsunuz,False,ambiguous_prodrop,Ambiguous pro-drop,none
phase1_ambiguous_prodrop_3p,ambiguous_prodrop,3p,,Her gün okula ,gidiyorlar,11,gidiyorlar,A_merged,gidiyorlar,41311,-4.936613082885742,-2.9341702461242676,-2.0024428367614746,4,1s,gidiyorum,1s,gidiyorum,False,-4.936613082885742,-2.5059025287628174,-2.430710554122925,6,2p,gidiyorsunuz,2p,gidiyorsunuz,False,ambiguous_prodrop,Ambiguous pro-drop,none
phase1_ambiguous_prodrop_3s,ambiguous_prodrop,3s,,Her gün okula ,gidiyor,0,gidiyor,A_merged,gidiyor,6215,-640.9400634765625,-643.226806640625,2.2867431640625,1,1s,gidiyorum,3s,gidiyor,True,-640.9400634765625,-364.88113021850586,-276.05893325805664,3,2p,gidiyorsunuz,2p,gidiyorsunuz,False,ambiguous_prodrop,Ambiguous pro-drop,none
phase1_ambiguous_prodrop_3s,ambiguous_prodrop,3s,,Her gün okula ,gidiyor,1,gidiyor,A_merged,gidiyor,6215,-484.4312744140625,-485.244038939476,0.8127645254135132,1,2p,gidiyorsunuz,3s,gidiyor,True,-484.4312744140625,-242.622019469738,-241.8092549443245,3,2p,gidiyorsunuz,2p,gidiyorsunuz,False,ambiguous_prodrop,Ambiguous pro-drop,none
phase1_ambiguous_prodrop_3s,ambiguous_prodrop,3s,,Her gün okula ,gidiyor,2,gidiyor,A_merged,gidiyor,6215,-174.76602172851562,-175.8636156320572,1.097593903541565,1,2p,gidiyorsunuz,3s,gidiyor,True,-174.76602172851562,-87.9318078160286,-86.83421391248703,3,2p,gidiyorsunuz,2p,gidiyorsunuz,False,ambiguous_prodrop,Ambiguous pro-drop,none
phase1_ambiguous_prodrop_3s,ambiguous_prodrop,3s,,Her gün okula ,gidiyor,3,gidiyor,A_merged,gidiyor,6215,-208.4141387939453,-210.04569292068481,1.631554126739502,1,2p,gidiyorsunuz,3s,gidiyor,True,-208.4141387939453,-105.02284646034241,-103.3912923336029,3,2p,gidiyorsunuz,2p,gidiyorsunuz,False,ambiguous_prodrop,Ambiguous pro-drop,none
phase1_ambiguous_prodrop_3s,ambiguous_prodrop,3s,,Her gün okula ,gidiyor,4,gidiyor,A_merged,gidiyor,6215,-171.9226531982422,-173.5525722503662,1.6299190521240234,1,2p,gidiyorsunuz,3s,gidiyor,True,-171.9226531982422,-86.7762861251831,-85.14636707305908,3,2p,gidiyorsunuz,2p,gidiyorsunuz,False,ambiguous_prodrop,Ambiguous pro-drop,none
phase1_ambiguous_prodrop_3s,ambiguous_prodrop,3s,,Her gün okula ,gidiyor,5,gidiyor,A_merged,gidiyor,6215,-5.374414443969727,-8.252352714538574,2.8779382705688477,1,1s,gidiyorum,3s,gidiyor,True,-5.374414443969727,-4.182619571685791,-1.1917948722839355,3,2p,gidiyorsunuz,2p,gidiyorsunuz,False,ambiguous_prodrop,Ambiguous pro-drop,none
phase1_ambiguous_prodrop_3s,ambiguous_prodrop,3s,,Her gün okula ,gidiyor,6,gidiyor,A_merged,gidiyor,6215,-5.721663475036621,-7.465579986572266,1.7439165115356445,1,1s,gidiyorum,3s,gidiyor,True,-5.721663475036621,-3.9558191299438477,-1.7658443450927734,3,2p,gidiyorsunuz,2p,gidiyorsunuz,False,ambiguous_prodrop,Ambiguous pro-drop,none
phase1_ambiguous_prodrop_3s,ambiguous_prodrop,3s,,Her gün okula ,gidiyor,7,gidiyor,A_merged,gidiyor,6215,-5.715874195098877,-6.612653493881226,0.8967792987823486,1,2p,gidiyorsunuz,3s,gidiyor,True,-5.715874195098877,-3.306326746940613,-2.409547448158264,3,2p,gidiyorsunuz,2p,gidiyorsunuz,False,ambiguous_prodrop,Ambiguous pro-drop,none
phase1_ambiguous_prodrop_3s,ambiguous_prodrop,3s,,Her gün okula ,gidiyor,8,gidiyor,A_merged,gidiyor,6215,-4.832283973693848,-5.951138019561768,1.11885404586792,1,2p,gidiyorsunuz,3s,gidiyor,True,-4.832283973693848,-2.975569009780884,-1.8567149639129639,3,2p,gidiyorsunuz,2p,gidiyorsunuz,False,ambiguous_prodrop,Ambiguous pro-drop,none
phase1_ambiguous_prodrop_3s,ambiguous_prodrop,3s,,Her gün okula ,gidiyor,9,gidiyor,A_merged,gidiyor,6215,-3.2749743461608887,-3.996286392211914,0.7213120460510254,1,1s,gidiyorum,3s,gidiyor,True,-3.2749743461608887,-2.113788992166519,-1.1611853539943695,3,2p,gidiyorsunuz,2p,gidiyorsunuz,False,ambiguous_prodrop,Ambiguous pro-drop,none
phase1_ambiguous_prodrop_3s,ambiguous_prodrop,3s,,Her gün okula ,gidiyor,10,gidiyor,A_merged,gidiyor,6215,-3.3733222484588623,-3.5905520915985107,0.21722984313964844,1,1s,gidiyorum,3s,gidiyor,True,-3.3733222484588623,-2.6417042016983032,-0.7316180467605591,3,2p,gidiyorsunuz,2p,gidiyorsunuz,False,ambiguous_prodrop,Ambiguous pro-drop,none
phase1_ambiguous_prodrop_3s,ambiguous_prodrop,3s,,Her gün okula ,gidiyor,11,gidiyor,A_merged,gidiyor,6215,-3.014890193939209,-2.9341702461242676,-0.0807199478149414,2,1s,gidiyorum,1s,gidiyorum,False,-3.014890193939209,-2.5059025287628174,-0.5089876651763916,3,2p,gidiyorsunuz,2p,gidiyorsunuz,False,ambiguous_prodrop,Ambiguous pro-drop,none
phase1_possessive_person_1p,possessive_person,1p,,Çantamız hazır. Yola ,çıkıyoruz,0,çıkıyoruz,A_merged,çıkıyoruz,31917,-516.7703247070312,-511.96783447265625,-4.802490234375,2,3s,çıkıyor,3s,çıkıyor,False,-516.7703247070312,-300.38452529907227,-216.38579940795898,6,2p,çıkıyorsunuz,2p,çıkıyorsunuz,False,possessive_person,Possessive person,possessive_suffix
phase1_possessive_person_1p,possessive_person,1p,,Çantamız hazır. Yola ,çıkıyoruz,1,çıkıyoruz,A_merged,çıkıyoruz,31917,-498.0491638183594,-493.1856994628906,-4.86346435546875,2,3s,çıkıyor,3s,çıkıyor,False,-498.0491638183594,-253.1304087638855,-244.91875505447388,6,2p,çıkıyorsunuz,2p,çıkıyorsunuz,False,possessive_person,Possessive person,possessive_suffix
phase1_possessive_person_1p,possessive_person,1p,,Çantamız hazır. Yola ,çıkıyoruz,2,çıkıyoruz,A_merged,çıkıyoruz,31917,-330.813720703125,-328.97540283203125,-1.83831787109375,2,3s,çıkıyor,3s,çıkıyor,False,-330.813720703125,-168.60785102844238,-162.20586967468262,4,2p,çıkıyorsunuz,2p,çıkıyorsunuz,False,possessive_person,Possessive person,possessive_suffix
phase1_possessive_person_1p,possessive_person,1p,,Çantamız hazır. Yola ,çıkıyoruz,3,çıkıyoruz,A_merged,çıkıyoruz,31917,-303.5641174316406,-304.02728271484375,0.463165283203125,1,3s,çıkıyor,1p,çıkıyoruz,True,-303.5641174316406,-244.16139221191406,-59.40272521972656,3,2s,çıkıyorsun,2s,çıkıyorsun,False,possessive_person,Possessive person,possessive_suffix
phase1_possessive_person_1p,possessive_person,1p,,Çantamız hazır. Yola ,çıkıyoruz,4,çıkıyoruz,A_merged,çıkıyoruz,31917,-224.2727813720703,-225.39730834960938,1.1245269775390625,1,3s,çıkıyor,1p,çıkıyoruz,True,-224.2727813720703,-113.12531387805939,-111.14746749401093,5,2p,çıkıyorsunuz,2p,çıkıyorsunuz,False,possessive_person,Possessive person,possessive_suffix
phase1_possessive_person_1p,possessive_person,1p,,Çantamız hazır. Yola ,çıkıyoruz,5,çıkıyoruz,A_merged,çıkıyoruz,31917,-90.76771545410156,-91.58673858642578,0.8190231323242188,1,3s,çıkıyor,1p,çıkıyoruz,True,-90.76771545410156,-47.10283088684082,-43.66488456726074,3,2s,çıkıyorsun,2s,çıkıyorsun,False,possessive_person,Possessive person,possessive_suffix
phase1_possessive_person_1p,possessive_person,1p,,Çantamız hazır. Yola ,çıkıyoruz,6,çıkıyoruz,A_merged,çıkıyoruz,31917,-8.839688301086426,-8.94172477722168,0.1020364761352539,1,3s,çıkıyor,1p,çıkıyoruz,True,-8.839688301086426,-8.94172477722168,0.1020364761352539,1,3s,çıkıyor,1p,çıkıyoruz,True,possessive_person,Possessive person,possessive_suffix
phase1_possessive_person_1p,possessive_person,1p,,Çantamız hazır. Yola ,çıkıyoruz,7,çıkıyoruz,A_merged,çıkıyoruz,31917,-15.011703491210938,-15.60660171508789,0.5948982238769531,1,3s,çıkıyor,1p,çıkıyoruz,True,-15.011703491210938,-14.88571310043335,-0.1259903907775879,2,2p,çıkıyorsunuz,2p,çıkıyorsunuz,False,possessive_person,Possessive person,possessive_suffix
phase1_possessive_person_1p,possessive_person,1p,,Çantamız hazır. Yola ,çıkıyoruz,8,çıkıyoruz,A_merged,çıkıyoruz,31917,-3.8803558349609375,-6.227286338806152,2.346930503845215,1,3s,çıkıyor,1p,çıkıyoruz,True,-3.8803558349609375,-3.273849844932556,-0.6065059900283813,3,2p,çıkıyorsunuz,2p,çıkıyorsunuz,False,possessive_person,Possessive person,possessive_suffix
phase1_possessive_person_1p,possessive_person,1p,,Çantamız hazır. Yola ,çıkıyoruz,9,çıkıyoruz,A_merged,çıkıyoruz,31917,-2.6879501342773438,-6.046982765197754,3.35903263092041,1,3s,çıkıyor,1p,çıkıyoruz,True,-2.6879501342773438,-3.1914793103933334,0.5035291761159897,1,2p,çıkıyorsunuz,1p,çıkıyoruz,True,possessive_person,Possessive person,possessive_suffix
phase1_possessive_person_1p,possessive_person,1p,,Çantamız hazır. Yola ,çıkıyoruz,10,çıkıyoruz,A_merged,çıkıyoruz,31917,-2.3675012588500977,-5.967831611633301,3.600330352783203,1,3s,çıkıyor,1p,çıkıyoruz,True,-2.3675012588500977,-3.686642646789551,1.3191413879394531,1,2p,çıkıyorsunuz,1p,çıkıyoruz,True,possessive_person,Possessive person,possessive_suffix
phase1_possessive_person_1p,possessive_person,1p,,Çantamız hazır. Yola ,çıkıyoruz,11,çıkıyoruz,A_merged,çıkıyoruz,31917,-2.5742993354797363,-6.0843305587768555,3.510031223297119,1,3s,çıkıyor,1p,çıkıyoruz,True,-2.5742993354797363,-3.3926007747650146,0.8183014392852783,1,1s,çıkıyorum,1p,çıkıyoruz,True,possessive_person,Possessive person,possessive_suffix
phase1_possessive_person_1s,possessive_person,1s,,Çantam hazır. Yola ,çıkıyorum,0,çıkıyorum,C_multi_split,çık | ıyorum,573 | 1605,-894.0617370605469,-499.58038330078125,-394.4813537597656,5,3s,çıkıyor,3s,çıkıyor,False,-447.03086853027344,-293.1668701171875,-153.86399841308594,3,2p,çıkıyorsunuz,2p,çıkıyorsunuz,False,possessive_person,Possessive person,possessive_suffix
phase1_possessive_person_1s,possessive_person,1s,,Çantam hazır. Yola ,çıkıyorum,1,çıkıyorum,C_multi_split,çık | ıyorum,573 | 1605,-871.1010131835938,-485.2633972167969,-385.8376159667969,5,3s,çıkıyor,3s,çıkıyor,False,-435.5505065917969,-242.78853738307953,-192.76196920871735,3,2p,çıkıyorsunuz,2p,çıkıyorsunuz,False,possessive_person,Possessive person,possessive_suffix
phase1_possessive_person_1s,possessive_person,1s,,Çantam hazır. Yola ,çıkıyorum,2,çıkıyorum,C_multi_split,çık | ıyorum,573 | 1605,-740.1123352050781,-351.4385681152344,-388.67376708984375,6,3s,çıkıyor,3s,çıkıyor,False,-370.05616760253906,-176.19568610191345,-193.8604815006256,6,2p,çıkıyorsunuz,2p,çıkıyorsunuz,False,possessive_person,Possessive person,possessive_suffix
phase1_possessive_person_1s,possessive_person,1s,,Çantam hazır. Yola ,çıkıyorum,3,çıkıyorum,C_multi_split,çık | ıyorum,573 | 1605,-732.6863403320312,-280.24383544921875,-452.4425048828125,5,3s,çıkıyor,3s,çıkıyor,False,-366.3431701660156,-212.74881744384766,-153.59435272216797,5,2s,çıkıyorsun,2s,çıkıyorsun,False,possessive_person,Possessive person,possessive_suffix
phase1_possessive_person_1s,possessive_person,1s,,Çantam hazır. Yola ,çıkıyorum,4,çıkıyorum,C_multi_split,çık | ıyorum,573 | 1605,-265.25047302246094,-201.5852813720703,-63.665191650390625,5,1p,çıkıyoruz,1p,çıkıyoruz,False,-132.62523651123047,-101.29476320743561,-31.33047330379486,3,2p,çıkıyorsunuz,2p,çıkıyorsunuz,False,possessive_person,Possessive person,possessive_suffix
phase1_possessive_person_1s,possessive_person,1s,,Çantam hazır. Yola ,çıkıyorum,5,çıkıyorum,C_multi_split,çık | ıyorum,573 | 1605,-273.787841796875,-93.37443542480469,-180.4134063720703,5,3s,çıkıyor,3s,çıkıyor,False,-136.8939208984375,-47.87173628807068,-89.02218461036682,5,2s,çıkıyorsun,2s,çıkıyorsun,False,possessive_person,Possessive person,possessive_suffix
phase1_possessive_person_1s,possessive_person,1s,,Çantam hazır. Yola ,çıkıyorum,6,çıkıyorum,C_multi_split,çık | ıyorum,573 | 1605,-50.37024736404419,-8.674657821655273,-41.695589542388916,5,3s,çıkıyor,3s,çıkıyor,False,-25.185123682022095,-8.674657821655273,-16.51046586036682,5,3s,çıkıyor,3s,çıkıyor,False,possessive_person,Possessive person,possessive_suffix
phase1_possessive_person_1s,possessive_person,1s,,Çantam hazır. Yola ,çıkıyorum,7,çıkıyorum,C_multi_split,çık | ıyorum,573 | 1605,-131.80568981170654,-20.8779239654541,-110.92776584625244,5,3s,çıkıyor,3s,çıkıyor,False,-65.90284490585327,-20.8779239654541,-45.02492094039917,5,3s,çıkıyor,3s,çıkıyor,False,possessive_person,Possessive person,possessive_suffix
phase1_possessive_person_1s,possessive_person,1s,,Çantam hazır. Yola ,çıkıyorum,8,çıkıyorum,C_multi_split,çık | ıyorum,573 | 1605,-5.310489296913147,-5.662330150604248,0.3518408536911011,1,3s,çıkıyor,1s,çıkıyorum,True,-2.6552446484565735,-3.1552799344062805,0.500035285949707,1,2p,çıkıyorsunuz,1s,çıkıyorum,True,possessive_person,Possessive person,possessive_suffix
phase1_possessive_person_1s,possessive_person,1s,,Çantam hazır. Yola ,çıkıyorum,9,çıkıyorum,C_multi_split,çık | ıyorum,573 | 1605,-3.721267342567444,-4.904636859893799,1.183369517326355,1,1p,çıkıyoruz,1s,çıkıyorum,True,-1.860633671283722,-3.228048324584961,1.367414653301239,1,2p,çıkıyorsunuz,1s,çıkıyorum,True,possessive_person,Possessive person,possessive_suffix
phase1_possessive_person_1s,possessive_person,1s,,Çantam hazır. Yola ,çıkıyorum,10,çıkıyorum,C_multi_split,çık | ıyorum,573 | 1605,-3.898897171020508,-4.870758056640625,0.9718608856201172,1,1p,çıkıyoruz,1s,çıkıyorum,True,-1.949448585510254,-4.099745392799377,2.1502968072891235,1,2p,çıkıyorsunuz,1s,çıkıyorum,True,possessive_person,Possessive person,possessive_suffix
phase1_possessive_person_1s,possessive_person,1s,,Çantam hazır. Yola ,çıkıyorum,11,çıkıyorum,C_multi_split,çık | ıyorum,573 | 1605,-3.2741687297821045,-4.992260932922363,1.7180922031402588,1,1p,çıkıyoruz,1s,çıkıyorum,True,-1.6370843648910522,-4.551442861557007,2.9143584966659546,1,2p,çıkıyorsunuz,1s,çıkıyorum,True,possessive_person,Possessive person,possessive_suffix
phase1_possessive_person_2p,possessive_person,2p,,Çantanız hazır. Yola ,çıkıyorsunuz,0,çıkıyorsunuz,B_suffix_split,çıkıyor | sunuz,4654 | 1711,-600.9300689697266,-498.19085693359375,-102.73921203613281,3,3s,çıkıyor,3s,çıkıyor,False,-300.4650344848633,-301.21877670288086,0.7537422180175781,1,2s,çıkıyorsun,2p,çıkıyorsunuz,True,possessive_person,Possessive person,possessive_suffix
phase1_possessive_person_2p,possessive_person,2p,,Çantanız hazır. Yola ,çıkıyorsunuz,1,çıkıyorsunuz,B_suffix_split,çıkıyor | sunuz,4654 | 1711,-440.63125133514404,-428.22119140625,-12.410059928894043,3,3s,çıkıyor,3s,çıkıyor,False,-220.31562566757202,-221.17520380020142,0.8595781326293945,1,2s,çıkıyorsun,2p,çıkıyorsunuz,True,possessive_person,Possessive person,possessive_suffix
phase1_possessive_person_2p,possessive_person,2p,,Çantanız hazır. Yola ,çıkıyorsunuz,2,çıkıyorsunuz,B_suffix_split,çıkıyor | sunuz,4654 | 1711,-262.8159474134445,-262.2098388671875,-0.606108546257019,2,3s,çıkıyor,3s,çıkıyor,False,-131.40797370672226,-131.9668726325035,0.55889892578125,1,2s,çıkıyorsun,2p,çıkıyorsunuz,True,possessive_person,Possessive person,possessive_suffix
phase1_possessive_person_2p,possessive_person,2p,,Çantanız hazır. Yola ,çıkıyorsunuz,3,çıkıyorsunuz,B_suffix_split,çıkıyor | sunuz,4654 | 1711,-488.0132293701172,-338.1058349609375,-149.9073944091797,3,1p,çıkıyoruz,1p,çıkıyoruz,False,-244.0066146850586,-244.55758666992188,0.5509719848632812,1,2s,çıkıyorsun,2p,çıkıyorsunuz,True,possessive_person,Possessive person,possessive_suffix
phase1_possessive_person_2p,possessive_person,2p,,Çantanız hazır. Yola ,çıkıyorsunuz,4,çıkıyorsunuz,B_suffix_split,çıkıyor | sunuz,4654 | 1711,-236.61718875169754,-235.59320068359375,-1.0239880681037903,3,1p,çıkıyoruz,1p,çıkıyoruz,False,-118.30859437584877,-119.85570967197418,1.547115296125412,1,2s,çıkıyorsun,2p,çıkıyorsunuz,True,possessive_person,Possessive person,possessive_suffix
phase1_possessive_person_2p,possessive_person,2p,,Çantanız hazır. Yola ,çıkıyorsunuz,5,çıkıyorsunuz,B_suffix_split,çıkıyor | sunuz,4654 | 1711,-194.63695526123047,-137.18209838867188,-57.454856872558594,3,1p,çıkıyoruz,1p,çıkıyoruz,False,-97.31847763061523,-98.05583572387695,0.7373580932617188,1,2s,çıkıyorsun,2p,çıkıyorsunuz,True,possessive_person,Possessive person,possessive_suffix
phase1_possessive_person_2p,possessive_person,2p,,Çantanız hazır. Yola ,çıkıyorsunuz,6,çıkıyorsunuz,B_suffix_split,çıkıyor | sunuz,4654 | 1711,-152.69297790527344,-74.36165618896484,-78.3313217163086,3,3s,çıkıyor,3s,çıkıyor,False,-76.34648895263672,-74.36165618896484,-1.984832763671875,3,3s,çıkıyor,3s,çıkıyor,False,possessive_person,Possessive person,possessive_suffix
phase1_possessive_person_2p,possessive_person,2p,,Çantanız hazır. Yola ,çıkıyorsunuz,7,çıkıyorsunuz,B_suffix_split,çıkıyor | sunuz,4654 | 1711,-146.24581146240234,-104.67281341552734,-41.572998046875,3,3s,çıkıyor,3s,çıkıyor,False,-73.12290573120117,-75.07481575012207,1.9519100189208984,1,2s,çıkıyorsun,2p,çıkıyorsunuz,True,possessive_person,Possessive person,possessive_suffix
phase1_possessive_person_2p,possessive_person,2p,,Çantanız hazır. Yola ,çıkıyorsunuz,8,çıkıyorsunuz,B_suffix_split,çıkıyor | sunuz,4654 | 1711,-6.618345744907856,-5.504361152648926,-1.1139845922589302,3,1p,çıkıyoruz,1p,çıkıyoruz,False,-3.309172872453928,-4.906400799751282,1.5972279272973537,1,1s,çıkıyorum,2p,çıkıyorsunuz,True,possessive_person,Possessive person,possessive_suffix
phase1_possessive_person_2p,possessive_person,2p,,Çantanız hazır. Yola ,çıkıyorsunuz,9,çıkıyorsunuz,B_suffix_split,çıkıyor | sunuz,4654 | 1711,-5.864876821637154,-4.447558403015137,-1.417318418622017,3,1p,çıkıyoruz,1p,çıkıyoruz,False,-2.932438410818577,-4.447558403015137,1.51511999219656,1,1p,çıkıyoruz,2p,çıkıyorsunuz,True,possessive_person,Possessive person,possessive_suffix
phase1_possessive_person_2p,possessive_person,2p,,Çantanız hazır. Yola ,çıkıyorsunuz,10,çıkıyorsunuz,B_suffix_split,çıkıyor | sunuz,4654 | 1711,-5.475698731839657,-4.378202438354492,-1.0974962934851646,3,1p,çıkıyoruz,1p,çıkıyoruz,False,-2.7378493659198284,-4.378202438354492,1.6403530724346638,1,1p,çıkıyoruz,2p,çıkıyorsunuz,True,possessive_person,Possessive person,possessive_suffix
phase1_possessive_person_2p,possessive_person,2p,,Çantanız hazır. Yola ,çıkıyorsunuz,11,çıkıyorsunuz,B_suffix_split,çıkıyor | sunuz,4654 | 1711,-5.478602111339569,-3.4852495193481445,-1.9933525919914246,3,1p,çıkıyoruz,1p,çıkıyoruz,False,-2.7393010556697845,-3.4852495193481445,0.74594846367836,1,1p,çıkıyoruz,2p,çıkıyorsunuz,True,possessive_person,Possessive person,possessive_suffix
phase1_possessive_person_2s,possessive_person,2s,,Çantan hazır. Yola ,çıkıyorsun,0,çıkıyorsun,B_suffix_split,çıkıyor | sun,4654 | 833,-637.9945526123047,-535.0387573242188,-102.95579528808594,4,3s,çıkıyor,3s,çıkıyor,False,-318.99727630615234,-318.406494140625,-0.5907821655273438,2,2p,çıkıyorsunuz,2p,çıkıyorsunuz,False,possessive_person,Possessive person,possessive_suffix
phase1_possessive_person_2s,possessive_person,2s,,Çantan hazır. Yola ,çıkıyorsun,1,çıkıyorsun,B_suffix_split,çıkıyor | sun,4654 | 833,-444.3366538286209,-442.6510009765625,-1.6856528520584106,3,3s,çıkıyor,3s,çıkıyor,False,-222.16832691431046,-221.51986701786518,-0.6484598964452744,2,2p,çıkıyorsunuz,2p,çıkıyorsunuz,False,possessive_person,Possessive person,possessive_suffix
phase1_possessive_person_2s,possessive_person,2s,,Çantan hazır. Yola ,çıkıyorsun,2,çıkıyorsun,B_suffix_split,çıkıyor | sun,4654 | 833,-269.78228282928467,-260.46929931640625,-9.312983512878418,3,3s,çıkıyor,3s,çıkıyor,False,-134.89114141464233,-134.9060959815979,0.014954566955566406,1,2p,çıkıyorsunuz,2s,çıkıyorsun,True,possessive_person,Possessive person,possessive_suffix
phase1_possessive_person_2s,possessive_person,2s,,Çantan hazır. Yola ,çıkıyorsun,3,çıkıyorsun,B_suffix_split,çıkıyor | sun,4654 | 833,-381.2318344116211,-258.032958984375,-123.1988754272461,3,3s,çıkıyor,3s,çıkıyor,False,-190.61591720581055,-190.95666885375977,0.34075164794921875,1,2p,çıkıyorsunuz,2s,çıkıyorsun,True,possessive_person,Possessive person,possessive_suffix
phase1_possessive_person_2s,possessive_person,2s,,Çantan hazır. Yola ,çıkıyorsun,4,çıkıyorsun,B_suffix_split,çıkıyor | sun,4654 | 833,-221.99637079238892,-219.88412475585938,-2.112246036529541,4,1p,çıkıyoruz,1p,çıkıyoruz,False,-110.99818539619446,-110.45635867118835,-0.5418267250061035,2,2p,çıkıyorsunuz,2p,çıkıyorsunuz,False,possessive_person,Possessive person,possessive_suffix
phase1_possessive_person_2s,possessive_person,2s,,Çantan hazır. Yola ,çıkıyorsun,5,çıkıyorsun,B_suffix_split,çıkıyor | sun,4654 | 833,-127.86758136749268,-125.43687438964844,-2.4307069778442383,3,1p,çıkıyoruz,1p,çıkıyoruz,False,-63.93379068374634,-63.957029819488525,0.0232391357421875,1,2p,çıkıyorsunuz,2s,çıkıyorsun,True,possessive_person,Possessive person,possessive_suffix
phase1_possessive_person_2s,possessive_person,2s,,Çantan hazır. Yola ,çıkıyorsun,6,çıkıyorsun,B_suffix_split,çıkıyor | sun,4654 | 833,-94.90764236450195,-53.00782775878906,-41.89981460571289,3,3s,çıkıyor,3s,çıkıyor,False,-47.45382118225098,-47.54324722290039,0.08942604064941406,1,2p,çıkıyorsunuz,2s,çıkıyorsun,True,possessive_person,Possessive person,possessive_suffix
phase1_possessive_person_2s,possessive_person,2s,,Çantan hazır. Yola ,çıkıyorsun,7,çıkıyorsun,B_suffix_split,çıkıyor | sun,4654 | 833,-84.51729011535645,-61.577327728271484,-22.93996238708496,4,3s,çıkıyor,3s,çıkıyor,False,-42.25864505767822,-41.84940052032471,-0.4092445373535156,2,2p,çıkıyorsunuz,2p,çıkıyorsunuz,False,possessive_person,Possessive person,possessive_suffix
phase1_possessive_person_2s,possessive_person,2s,,Çantan hazır. Yola ,çıkıyorsun,8,çıkıyorsun,B_suffix_split,çıkıyor | sun,4654 | 833,-7.190397262573242,-5.796229839324951,-1.394167423248291,4,3s,çıkıyor,3s,çıkıyor,False,-3.595198631286621,-3.1765241622924805,-0.4186744689941406,2,2p,çıkıyorsunuz,2p,çıkıyorsunuz,False,possessive_person,Possessive person,possessive_suffix
phase1_possessive_person_2s,possessive_person,2s,,Çantan hazır. Yola ,çıkıyorsun,9,çıkıyorsun,B_suffix_split,çıkıyor | sun,4654 | 833,-7.024466514587402,-4.842226505279541,-2.1822400093078613,5,3s,çıkıyor,3s,çıkıyor,False,-3.512233257293701,-2.6436504870653152,-0.8685827702283859,3,2p,çıkıyorsunuz,2p,çıkıyorsunuz,False,possessive_person,Possessive person,possessive_suffix
phase1_possessive_person_2s,possessive_person,2s,,Çantan hazır. Yola ,çıkıyorsun,10,çıkıyorsun,B_suffix_split,çıkıyor | sun,4654 | 833,-6.6943933963775635,-4.370716571807861,-2.323676824569702,5,1p,çıkıyoruz,1p,çıkıyoruz,False,-3.3471966981887817,-2.947042942047119,-0.4001537561416626,3,1s,çıkıyorum,1s,çıkıyorum,False,possessive_person,Possessive person,possessive_suffix
phase1_possessive_person_2s,possessive_person,2s,,Çantan hazır. Yola ,çıkıyorsun,11,çıkıyorsun,B_suffix_split,çıkıyor | sun,4654 | 833,-6.561742067337036,-3.245039463043213,-3.3167026042938232,5,1p,çıkıyoruz,1p,çıkıyoruz,False,-3.280871033668518,-2.606355667114258,-0.6745153665542603,4,1s,çıkıyorum,1s,çıkıyorum,False,possessive_person,Possessive person,possessive_suffix
phase1_possessive_person_3p,possessive_person,3p,,Çantaları hazır. Yola ,çıkıyorlar,0,çıkıyorlar,C_multi_split,çık | ıyorlar,573 | 2876,-906.6407775878906,-500.0911560058594,-406.54962158203125,6,3s,çıkıyor,3s,çıkıyor,False,-453.3203887939453,-292.82808685302734,-160.49230194091797,4,2p,çıkıyorsunuz,2p,çıkıyorsunuz,False,possessive_person,Possessive person,possessive_suffix
phase1_possessive_person_3p,possessive_person,3p,,Çantaları hazır. Yola ,çıkıyorlar,1,çıkıyorlar,C_multi_split,çık | ıyorlar,573 | 2876,-893.9040222167969,-491.19232177734375,-402.7117004394531,6,3s,çıkıyor,3s,çıkıyor,False,-446.95201110839844,-246.39878505468369,-200.55322605371475,4,2p,çıkıyorsunuz,2p,çıkıyorsunuz,False,possessive_person,Possessive person,possessive_suffix
phase1_possessive_person_3p,possessive_person,3p,,Çantaları hazır. Yola ,çıkıyorlar,2,çıkıyorlar,C_multi_split,çık | ıyorlar,573 | 2876,-744.5423583984375,-338.2450256347656,-406.2973327636719,5,3s,çıkıyor,3s,çıkıyor,False,-372.27117919921875,-174.79702758789062,-197.47415161132812,5,2p,çıkıyorsunuz,2p,çıkıyorsunuz,False,possessive_person,Possessive person,possessive_suffix
phase1_possessive_person_3p,possessive_person,3p,,Çantaları hazır. Yola ,çıkıyorlar,3,çıkıyorlar,C_multi_split,çık | ıyorlar,573 | 2876,-742.8015747070312,-294.6011047363281,-448.2004699707031,6,3s,çıkıyor,3s,çıkıyor,False,-371.4007873535156,-208.6966094970703,-162.7041778564453,6,2s,çıkıyorsun,2s,çıkıyorsun,False,possessive_person,Possessive person,possessive_suffix
phase1_possessive_person_3p,possessive_person,3p,,Çantaları hazır. Yola ,çıkıyorlar,4,çıkıyorlar,C_multi_split,çık | ıyorlar,573 | 2876,-296.60628509521484,-238.73768615722656,-57.86859893798828,6,1p,çıkıyoruz,1p,çıkıyoruz,False,-148.30314254760742,-119.85615661740303,-28.44698593020439,4,2p,çıkıyorsunuz,2p,çıkıyorsunuz,False,possessive_person,Possessive person,possessive_suffix
phase1_possessive_person_3p,possessive_person,3p,,Çantaları hazır. Yola ,çıkıyorlar,5,çıkıyorlar,C_multi_split,çık | ıyorlar,573 | 2876,-257.6993713378906,-90.74185180664062,-166.95751953125,6,1p,çıkıyoruz,1p,çıkıyoruz,False,-128.8496856689453,-46.54907941818237,-82.30060625076294,6,2p,çıkıyorsunuz,2p,çıkıyorsunuz,False,possessive_person,Possessive person,possessive_suffix
phase1_possessive_person_3p,possessive_person,3p,,Çantaları hazır. Yola ,çıkıyorlar,6,çıkıyorlar,C_multi_split,çık | ıyorlar,573 | 2876,-53.65374135971069,-8.772993087768555,-44.88074827194214,6,3s,çıkıyor,3s,çıkıyor,False,-26.826870679855347,-5.971601724624634,-20.855268955230713,6,2p,çıkıyorsunuz,2p,çıkıyorsunuz,False,possessive_person,Possessive person,possessive_suffix
phase1_possessive_person_3p,possessive_person,3p,,Çantaları hazır. Yola ,çıkıyorlar,7,çıkıyorlar,C_multi_split,çık | ıyorlar,573 | 2876,-94.00501501560211,-7.031777381896973,-86.97323763370514,6,3s,çıkıyor,3s,çıkıyor,False,-47.002507507801056,-7.031777381896973,-39.97073012590408,6,3s,çıkıyor,3s,çıkıyor,False,possessive_person,Possessive person,possessive_suffix
phase1_possessive_person_3p,possessive_person,3p,,Çantaları hazır. Yola ,çıkıyorlar,8,çıkıyorlar,C_multi_split,çık | ıyorlar,573 | 2876,-7.457822799682617,-5.1429123878479,-2.314910411834717,5,3s,çıkıyor,3s,çıkıyor,False,-3.7289113998413086,-2.7158666402101517,-1.013044759631157,3,2p,çıkıyorsunuz,2p,çıkıyorsunuz,False,possessive_person,Possessive person,possessive_suffix
phase1_possessive_person_3p,possessive_person,3p,,Çantaları hazır. Yola ,çıkıyorlar,9,çıkıyorlar,C_multi_split,çık | ıyorlar,573 | 2876,-6.735426902770996,-4.426057815551758,-2.3093690872192383,5,3s,çıkıyor,3s,çıkıyor,False,-3.367713451385498,-2.3104961290955544,-1.0572173222899437,3,2p,çıkıyorsunuz,2p,çıkıyorsunuz,False,possessive_person,Possessive person,possessive_suffix
phase1_possessive_person_3p,possessive_person,3p,,Çantaları hazır. Yola ,çıkıyorlar,10,çıkıyorlar,C_multi_split,çık | ıyorlar,573 | 2876,-6.199144601821899,-4.472997665405273,-1.726146936416626,4,3s,çıkıyor,3s,çıkıyor,False,-3.0995723009109497,-2.703532099723816,-0.3960402011871338,2,2p,çıkıyorsunuz,2p,çıkıyorsunuz,False,possessive_person,Possessive person,possessive_suffix
phase1_possessive_person_3p,possessive_person,3p,,Çantaları hazır. Yola ,çıkıyorlar,11,çıkıyorlar,C_multi_split,çık | ıyorlar,573 | 2876,-6.330701112747192,-3.5350182056427,-2.795682907104492,5,1p,çıkıyoruz,1p,çıkıyoruz,False,-3.165350556373596,-2.6601308584213257,-0.5052196979522705,3,2p,çıkıyorsunuz,2p,çıkıyorsunuz,False,possessive_person,Possessive person,possessive_suffix
phase1_possessive_person_3s,possessive_person,3s,,Çantası hazır. Yola ,çıkıyor,0,çıkıyor,A_merged,çıkıyor,4654,-495.91082763671875,-500.7774658203125,4.86663818359375,1,1p,çıkıyoruz,3s,çıkıyor,True,-495.91082763671875,-287.4683074951172,-208.44252014160156,5,2p,çıkıyorsunuz,2p,çıkıyorsunuz,False,possessive_person,Possessive person,possessive_suffix
phase1_possessive_person_3s,possessive_person,3s,,Çantası hazır. Yola ,çıkıyor,1,çıkıyor,A_merged,çıkıyor,4654,-490.3869934082031,-490.6807531118393,0.29375970363616943,1,2p,çıkıyorsunuz,3s,çıkıyor,True,-490.3869934082031,-245.34037655591965,-245.04661685228348,5,2p,çıkıyorsunuz,2p,çıkıyorsunuz,False,possessive_person,Possessive person,possessive_suffix
phase1_possessive_person_3s,possessive_person,3s,,Çantası hazır. Yola ,çıkıyor,2,çıkıyor,A_merged,çıkıyor,4654,-334.8675537109375,-335.8505245447159,0.9829708337783813,1,2p,çıkıyorsunuz,3s,çıkıyor,True,-334.8675537109375,-167.92526227235794,-166.94229143857956,3,2p,çıkıyorsunuz,2p,çıkıyorsunuz,False,possessive_person,Possessive person,possessive_suffix
phase1_possessive_person_3s,possessive_person,3s,,Çantası hazır. Yola ,çıkıyor,3,çıkıyor,A_merged,çıkıyor,4654,-288.9190368652344,-289.4720764160156,0.55303955078125,1,1p,çıkıyoruz,3s,çıkıyor,True,-288.9190368652344,-204.21206283569336,-84.70697402954102,3,2s,çıkıyorsun,2s,çıkıyorsun,False,possessive_person,Possessive person,possessive_suffix
phase1_possessive_person_3s,possessive_person,3s,,Çantası hazır. Yola ,çıkıyor,4,çıkıyor,A_merged,çıkıyor,4654,-240.52532958984375,-240.48377990722656,-0.0415496826171875,2,1p,çıkıyoruz,1p,çıkıyoruz,False,-240.52532958984375,-120.64804571866989,-119.87728387117386,6,2p,çıkıyorsunuz,2p,çıkıyorsunuz,False,possessive_person,Possessive person,possessive_suffix
phase1_possessive_person_3s,possessive_person,3s,,Çantası hazır. Yola ,çıkıyor,5,çıkıyor,A_merged,çıkıyor,4654,-95.7765121459961,-95.83123016357422,0.054718017578125,1,1p,çıkıyoruz,3s,çıkıyor,True,-95.7765121459961,-49.10415828227997,-46.672353863716125,3,2p,çıkıyorsunuz,2p,çıkıyorsunuz,False,possessive_person,Possessive person,possessive_suffix
phase1_possessive_person_3s,possessive_person,3s,,Çantası hazır. Yola ,çıkıyor,6,çıkıyor,A_merged,çıkıyor,4654,-8.71793270111084,-10.115608215332031,1.3976755142211914,1,1p,çıkıyoruz,3s,çıkıyor,True,-8.71793270111084,-10.115608215332031,1.3976755142211914,1,1p,çıkıyoruz,3s,çıkıyor,True,possessive_person,Possessive person,possessive_suffix
phase1_possessive_person_3s,possessive_person,3s,,Çantası hazır. Yola ,çıkıyor,7,çıkıyor,A_merged,çıkıyor,4654,-7.734055519104004,-9.535743713378906,1.8016881942749023,1,1p,çıkıyoruz,3s,çıkıyor,True,-7.734055519104004,-9.535743713378906,1.8016881942749023,1,1p,çıkıyoruz,3s,çıkıyor,True,possessive_person,Possessive person,possessive_suffix
phase1_possessive_person_3s,possessive_person,3s,,Çantası hazır. Yola ,çıkıyor,8,çıkıyor,A_merged,çıkıyor,4654,-4.780016899108887,-5.37289959192276,0.5928826928138733,1,2p,çıkıyorsunuz,3s,çıkıyor,True,-4.780016899108887,-2.68644979596138,-2.0935671031475067,5,2p,çıkıyorsunuz,2p,çıkıyorsunuz,False,possessive_person,Possessive person,possessive_suffix
phase1_possessive_person_3s,possessive_person,3s,,Çantası hazır. Yola ,çıkıyor,9,çıkıyor,A_merged,çıkıyor,4654,-3.927885055541992,-4.424195826053619,0.4963107705116272,1,2p,çıkıyorsunuz,3s,çıkıyor,True,-3.927885055541992,-2.2120979130268097,-1.7157871425151825,5,2p,çıkıyorsunuz,2p,çıkıyorsunuz,False,possessive_person,Possessive person,possessive_suffix
phase1_possessive_person_3s,possessive_person,3s,,Çantası hazır. Yola ,çıkıyor,10,çıkıyor,A_merged,çıkıyor,4654,-3.9365315437316895,-5.179042816162109,1.24251127243042,1,1p,çıkıyoruz,3s,çıkıyor,True,-3.9365315437316895,-3.053181767463684,-0.8833497762680054,5,2p,çıkıyorsunuz,2p,çıkıyorsunuz,False,possessive_person,Possessive person,possessive_suffix
phase1_possessive_person_3s,possessive_person,3s,,Çantası hazır. Yola ,çıkıyor,11,çıkıyor,A_merged,çıkıyor,4654,-3.799409866333008,-4.004851341247559,0.20544147491455078,1,1p,çıkıyoruz,3s,çıkıyor,True,-3.799409866333008,-2.8120921850204468,-0.987317681312561,5,2p,çıkıyorsunuz,2p,çıkıyorsunuz,False,possessive_person,Possessive person,possessive_suffix
phase1_prior_predicate_person_1p,prior_predicate_person,1p,,Az önce geldik. Biraz ,dinleniyoruz,0,dinleniyoruz,C_multi_split,dinlen | iyoruz,10316 | 1158,-955.4117584228516,-954.7747287750244,-0.6370296478271484,2,1s,dinleniyorum,1s,dinleniyorum,False,-477.7058792114258,-474.25977579752606,-3.4461034138997206,4,2p,dinleniyorsunuz,2p,dinleniyorsunuz,False,prior_predicate_person,Prior predicate person,finite_predicate
phase1_prior_predicate_person_1p,prior_predicate_person,1p,,Az önce geldik. Biraz ,dinleniyoruz,1,dinleniyoruz,C_multi_split,dinlen | iyoruz,10316 | 1158,-722.0343770980835,-720.4643383026123,-1.5700387954711914,2,1s,dinleniyorum,1s,dinleniyorum,False,-361.01718854904175,-242.19386730094752,-118.82332124809423,4,2p,dinleniyorsunuz,2p,dinleniyorsunuz,False,prior_predicate_person,Prior predicate person,finite_predicate
phase1_prior_predicate_person_1p,prior_predicate_person,1p,,Az önce geldik. Biraz ,dinleniyoruz,2,dinleniyoruz,C_multi_split,dinlen | iyoruz,10316 | 1158,-676.5114784240723,-674.0846157073975,-2.4268627166748047,2,1s,dinleniyorum,1s,dinleniyorum,False,-338.25573921203613,-226.19060492515564,-112.0651342868805,4,2p,dinleniyorsunuz,2p,dinleniyorsunuz,False,prior_predicate_person,Prior predicate person,finite_predicate
phase1_prior_predicate_person_1p,prior_predicate_person,1p,,Az önce geldik. Biraz ,dinleniyoruz,3,dinleniyoruz,C_multi_split,dinlen | iyoruz,10316 | 1158,-547.4188342094421,-545.9470596313477,-1.4717745780944824,3,1s,dinleniyorum,1s,dinleniyorum,False,-273.70941710472107,-182.65424619118372,-91.05517091353735,5,2p,dinleniyorsunuz,2p,dinleniyorsunuz,False,prior_predicate_person,Prior predicate person,finite_predicate
phase1_prior_predicate_person_1p,prior_predicate_person,1p,,Az önce geldik. Biraz ,dinleniyoruz,4,dinleniyoruz,C_multi_split,dinlen | iyoruz,10316 | 1158,-488.3383774757385,-486.437659740448,-1.9007177352905273,4,3s,dinleniyor,3s,dinleniyor,False,-244.16918873786926,-162.52075163523355,-81.64843710263571,5,2p,dinleniyorsunuz,2p,dinleniyorsunuz,False,prior_predicate_person,Prior predicate person,finite_predicate
phase1_prior_predicate_person_1p,prior_predicate_person,1p,,Az önce geldik. Biraz ,dinleniyoruz,5,dinleniyoruz,C_multi_split,dinlen | iyoruz,10316 | 1158,-421.85445404052734,-420.25773906707764,-1.596714973449707,3,3s,dinleniyor,3s,dinleniyor,False,-210.92722702026367,-140.92580318450928,-70.0014238357544,5,2p,dinleniyorsunuz,2p,dinleniyorsunuz,False,prior_predicate_person,Prior predicate person,finite_predicate
phase1_prior_predicate_person_1p,prior_predicate_person,1p,,Az önce geldik. Biraz ,dinleniyoruz,6,dinleniyoruz,C_multi_split,dinlen | iyoruz,10316 | 1158,-411.1899290084839,-410.7179617881775,-0.4719672203063965,3,1s,dinleniyorum,1s,dinleniyorum,False,-205.59496450424194,-137.53442335128784,-68.0605411529541,5,2p,dinleniyorsunuz,2p,dinleniyorsunuz,False,prior_predicate_person,Prior predicate person,finite_predicate
phase1_prior_predicate_person_1p,prior_predicate_person,1p,,Az önce geldik. Biraz ,dinleniyoruz,7,dinleniyoruz,C_multi_split,dinlen | iyoruz,10316 | 1158,-240.76186990737915,-240.2950577735901,-0.4668121337890625,3,3s,dinleniyor,3s,dinleniyor,False,-120.38093495368958,-80.37642971674602,-40.00450523694356,5,2p,dinleniyorsunuz,2p,dinleniyorsunuz,False,prior_predicate_person,Prior predicate person,finite_predicate
phase1_prior_predicate_person_1p,prior_predicate_person,1p,,Az önce geldik. Biraz ,dinleniyoruz,8,dinleniyoruz,C_multi_split,dinlen | iyoruz,10316 | 1158,-92.40522766113281,-94.5683240890503,2.1630964279174805,1,3s,dinleniyor,1p,dinleniyoruz,True,-46.202613830566406,-32.42865745226542,-13.773956378300987,3,2p,dinleniyorsunuz,2p,dinleniyorsunuz,False,prior_predicate_person,Prior predicate person,finite_predicate
phase1_prior_predicate_person_1p,prior_predicate_person,1p,,Az önce geldik. Biraz ,dinleniyoruz,9,dinleniyoruz,C_multi_split,dinlen | iyoruz,10316 | 1158,-18.270450115203857,-20.222128868103027,1.95167875289917,1,3s,dinleniyor,1p,dinleniyoruz,True,-9.135225057601929,-7.637048880259196,-1.4981761773427325,3,2p,dinleniyorsunuz,2p,dinleniyorsunuz,False,prior_predicate_person,Prior predicate person,finite_predicate
phase1_prior_predicate_person_1p,prior_predicate_person,1p,,Az önce geldik. Biraz ,dinleniyoruz,10,dinleniyoruz,C_multi_split,dinlen | iyoruz,10316 | 1158,-9.654263973236084,-11.725956439971924,2.07169246673584,1,1s,dinleniyorum,1p,dinleniyoruz,True,-4.827131986618042,-4.683283090591431,-0.14384889602661133,2,2p,dinleniyorsunuz,2p,dinleniyorsunuz,False,prior_predicate_person,Prior predicate person,finite_predicate
phase1_prior_predicate_person_1p,prior_predicate_person,1p,,Az önce geldik. Biraz ,dinleniyoruz,11,dinleniyoruz,C_multi_split,dinlen | iyoruz,10316 | 1158,-9.149746417999268,-11.063295841217041,1.9135494232177734,1,1s,dinleniyorum,1p,dinleniyoruz,True,-4.574873208999634,-4.866400957107544,0.29152774810791016,1,2p,dinleniyorsunuz,1p,dinleniyoruz,True,prior_predicate_person,Prior predicate person,finite_predicate
phase1_prior_predicate_person_1s,prior_predicate_person,1s,,Az önce geldim. Biraz ,dinleniyorum,0,dinleniyorum,C_multi_split,dinlen | iyorum,10316 | 1066,-869.7923984527588,-870.7099103927612,0.9175119400024414,1,1p,dinleniyoruz,1s,dinleniyorum,True,-434.8961992263794,-435.3549551963806,0.4587559700012207,1,1p,dinleniyoruz,1s,dinleniyorum,True,prior_predicate_person,Prior predicate person,finite_predicate
phase1_prior_predicate_person_1s,prior_predicate_person,1s,,Az önce geldim. Biraz ,dinleniyorum,1,dinleniyorum,C_multi_split,dinlen | iyorum,10316 | 1066,-659.3824605941772,-661.1296072006226,1.7471466064453125,1,1p,dinleniyoruz,1s,dinleniyorum,True,-329.6912302970886,-222.07686720291773,-107.6143630941709,3,2p,dinleniyorsunuz,2p,dinleniyorsunuz,False,prior_predicate_person,Prior predicate person,finite_predicate
phase1_prior_predicate_person_1s,prior_predicate_person,1s,,Az önce geldim. Biraz ,dinleniyorum,2,dinleniyorum,C_multi_split,dinlen | iyorum,10316 | 1066,-631.0264668464661,-633.953483581543,2.9270167350769043,1,1p,dinleniyoruz,1s,dinleniyorum,True,-315.51323342323303,-212.14279053608576,-103.37044288714728,3,2s,dinleniyorsun,2s,dinleniyorsun,False,prior_predicate_person,Prior predicate person,finite_predicate
phase1_prior_predicate_person_1s,prior_predicate_person,1s,,Az önce geldim. Biraz ,dinleniyorum,3,dinleniyorum,C_multi_split,dinlen | iyorum,10316 | 1066,-494.34210205078125,-496.55375480651855,2.2116527557373047,1,3s,dinleniyor,1s,dinleniyorum,True,-247.17105102539062,-165.97095783551535,-81.20009318987528,3,2p,dinleniyorsunuz,2p,dinleniyorsunuz,False,prior_predicate_person,Prior predicate person,finite_predicate
phase1_prior_predicate_person_1s,prior_predicate_person,1s,,Az önce geldim. Biraz ,dinleniyorum,4,dinleniyorum,C_multi_split,dinlen | iyorum,10316 | 1066,-466.49505376815796,-466.95308780670166,0.45803403854370117,1,3s,dinleniyor,1s,dinleniyorum,True,-233.24752688407898,-156.14236052831015,-77.10516635576883,3,2p,dinleniyorsunuz,2p,dinleniyorsunuz,False,prior_predicate_person,Prior predicate person,finite_predicate
phase1_prior_predicate_person_1s,prior_predicate_person,1s,,Az önce geldim. Biraz ,dinleniyorum,5,dinleniyorum,C_multi_split,dinlen | iyorum,10316 | 1066,-426.75739431381226,-427.44835233688354,0.6909580230712891,1,3s,dinleniyor,1s,dinleniyorum,True,-213.37869715690613,-143.47477070490518,-69.90392645200095,3,2p,dinleniyorsunuz,2p,dinleniyorsunuz,False,prior_predicate_person,Prior predicate person,finite_predicate
phase1_prior_predicate_person_1s,prior_predicate_person,1s,,Az önce geldim. Biraz ,dinleniyorum,6,dinleniyorum,C_multi_split,dinlen | iyorum,10316 | 1066,-452.24381017684937,-453.8215684890747,1.5777583122253418,1,3s,dinleniyor,1s,dinleniyorum,True,-226.12190508842468,-151.86029068628946,-74.26161440213522,3,2p,dinleniyorsunuz,2p,dinleniyorsunuz,False,prior_predicate_person,Prior predicate person,finite_predicate
phase1_prior_predicate_person_1s,prior_predicate_person,1s,,Az önce geldim. Biraz ,dinleniyorum,7,dinleniyorum,C_multi_split,dinlen | iyorum,10316 | 1066,-295.41646671295166,-296.53328466415405,1.1168179512023926,1,3s,dinleniyor,1s,dinleniyorum,True,-147.70823335647583,-99.20570850372314,-48.502524852752686,3,2p,dinleniyorsunuz,2p,dinleniyorsunuz,False,prior_predicate_person,Prior predicate person,finite_predicate
phase1_prior_predicate_person_1s,prior_predicate_person,1s,,Az önce geldim. Biraz ,dinleniyorum,8,dinleniyorum,C_multi_split,dinlen | iyorum,10316 | 1066,-153.03936338424683,-155.46573686599731,2.4263734817504883,1,1p,dinleniyoruz,1s,dinleniyorum,True,-76.51968169212341,-52.718995889027916,-23.800685803095497,3,2p,dinleniyorsunuz,2p,dinleniyorsunuz,False,prior_predicate_person,Prior predicate person,finite_predicate
phase1_prior_predicate_person_1s,prior_predicate_person,1s,,Az önce geldim. Biraz ,dinleniyorum,9,dinleniyorum,C_multi_split,dinlen | iyorum,10316 | 1066,-72.32327556610107,-74.47464990615845,2.151374340057373,1,3s,dinleniyor,1s,dinleniyorum,True,-36.16163778305054,-25.894620180130005,-10.267017602920532,3,2p,dinleniyorsunuz,2p,dinleniyorsunuz,False,prior_predicate_person,Prior predicate person,finite_predicate
phase1_prior_predicate_person_1s,prior_predicate_person,1s,,Az önce geldim. Biraz ,dinleniyorum,10,dinleniyorum,C_multi_split,dinlen | iyorum,10316 | 1066,-9.133684635162354,-11.430413246154785,2.2967286109924316,1,3s,dinleniyor,1s,dinleniyorum,True,-4.566842317581177,-4.702334562937419,0.13549224535624216,1,2p,dinleniyorsunuz,1s,dinleniyorum,True,prior_predicate_person,Prior predicate person,finite_predicate
phase1_prior_predicate_person_1s,prior_predicate_person,1s,,Az önce geldim. Biraz ,dinleniyorum,11,dinleniyorum,C_multi_split,dinlen | iyorum,10316 | 1066,-8.895078182220459,-10.935322761535645,2.0402445793151855,1,3s,dinleniyor,1s,dinleniyorum,True,-4.4475390911102295,-4.521334171295166,0.07379508018493652,1,2p,dinleniyorsunuz,1s,dinleniyorum,True,prior_predicate_person,Prior predicate person,finite_predicate
phase1_prior_predicate_person_2p,prior_predicate_person,2p,,Az önce geldiniz. Biraz ,dinleniyorsunuz,0,dinleniyorsunuz,B_suffix_split,din | leniyor | sunuz,1527 | 6567 | 1711,-1665.850019454956,-1144.532458305359,-521.3175611495972,5,1s,dinleniyorum,1s,dinleniyorum,False,-555.2833398183187,-556.103001276652,0.8196614583332575,1,2s,dinleniyorsun,2p,dinleniyorsunuz,True,prior_predicate_person,Prior predicate person,finite_predicate
phase1_prior_predicate_person_2p,prior_predicate_person,2p,,Az önce geldiniz. Biraz ,dinleniyorsunuz,1,dinleniyorsunuz,B_suffix_split,din | leniyor | sunuz,1527 | 6567 | 1711,-799.9367479681969,-794.0505890846252,-5.886158883571625,5,1s,dinleniyorum,1s,dinleniyorum,False,-266.64558265606564,-267.4114073117574,0.7658246556917447,1,2s,dinleniyorsun,2p,dinleniyorsunuz,True,prior_predicate_person,Prior predicate person,finite_predicate
phase1_prior_predicate_person_2p,prior_predicate_person,2p,,Az önce geldiniz. Biraz ,dinleniyorsunuz,2,dinleniyorsunuz,B_suffix_split,din | leniyor | sunuz,1527 | 6567 | 1711,-744.6531613469124,-740.4309387207031,-4.222222626209259,4,1s,dinleniyorum,1s,dinleniyorum,False,-248.2177204489708,-248.59167488416037,0.3739544351895745,1,2s,dinleniyorsun,2p,dinleniyorsunuz,True,prior_predicate_person,Prior predicate person,finite_predicate
phase1_prior_predicate_person_2p,prior_predicate_person,2p,,Az önce geldiniz. Biraz ,dinleniyorsunuz,3,dinleniyorsunuz,B_suffix_split,din | leniyor | sunuz,1527 | 6567 | 1711,-640.3554512262344,-638.857515335083,-1.4979358911514282,3,1s,dinleniyorum,1s,dinleniyorum,False,-213.45181707541147,-214.16970523198447,0.7178881565729966,1,2s,dinleniyorsun,2p,dinleniyorsunuz,True,prior_predicate_person,Prior predicate person,finite_predicate
phase1_prior_predicate_person_2p,prior_predicate_person,2p,,Az önce geldiniz. Biraz ,dinleniyorsunuz,4,dinleniyorsunuz,B_suffix_split,din | leniyor | sunuz,1527 | 6567 | 1711,-516.0617536902428,-515.5576181411743,-0.5041355490684509,2,3s,dinleniyor,3s,dinleniyor,False,-172.02058456341425,-173.00874789555868,0.9881633321444383,1,2s,dinleniyorsun,2p,dinleniyorsunuz,True,prior_predicate_person,Prior predicate person,finite_predicate
phase1_prior_predicate_person_2p,prior_predicate_person,2p,,Az önce geldiniz. Biraz ,dinleniyorsunuz,5,dinleniyorsunuz,B_suffix_split,din | leniyor | sunuz,1527 | 6567 | 1711,-442.7465236186981,-441.30924224853516,-1.4372813701629639,3,3s,dinleniyor,3s,dinleniyor,False,-147.58217453956604,-148.42406010627747,0.8418855667114258,1,2s,dinleniyorsun,2p,dinleniyorsunuz,True,prior_predicate_person,Prior predicate person,finite_predicate
phase1_prior_predicate_person_2p,prior_predicate_person,2p,,Az önce geldiniz. Biraz ,dinleniyorsunuz,6,dinleniyorsunuz,B_suffix_split,din | leniyor | sunuz,1527 | 6567 | 1711,-384.66718554496765,-384.1527090072632,-0.5144765377044678,3,3s,dinleniyor,3s,dinleniyor,False,-128.22239518165588,-129.61371978123984,1.3913245995839532,1,2s,dinleniyorsun,2p,dinleniyorsunuz,True,prior_predicate_person,Prior predicate person,finite_predicate
phase1_prior_predicate_person_2p,prior_predicate_person,2p,,Az önce geldiniz. Biraz ,dinleniyorsunuz,7,dinleniyorsunuz,B_suffix_split,din | leniyor | sunuz,1527 | 6567 | 1711,-275.9566871672869,-275.8054943084717,-0.15119285881519318,2,3s,dinleniyor,3s,dinleniyor,False,-91.98556238909562,-93.83801364898682,1.8524512598911969,1,2s,dinleniyorsun,2p,dinleniyorsunuz,True,prior_predicate_person,Prior predicate person,finite_predicate
phase1_prior_predicate_person_2p,prior_predicate_person,2p,,Az önce geldiniz. Biraz ,dinleniyorsunuz,8,dinleniyorsunuz,B_suffix_split,din | leniyor | sunuz,1527 | 6567 | 1711,-124.80504407733679,-124.7119779586792,-0.09306611865758896,2,3s,dinleniyor,3s,dinleniyor,False,-41.60168135911226,-43.65348752339681,2.0518061642845495,1,2s,dinleniyorsun,2p,dinleniyorsunuz,True,prior_predicate_person,Prior predicate person,finite_predicate
phase1_prior_predicate_person_2p,prior_predicate_person,2p,,Az önce geldiniz. Biraz ,dinleniyorsunuz,9,dinleniyorsunuz,B_suffix_split,din | leniyor | sunuz,1527 | 6567 | 1711,-46.10727959871292,-45.99886083602905,-0.10841876268386841,2,3s,dinleniyor,3s,dinleniyor,False,-15.369093199570974,-17.618427594502766,2.2493343949317914,1,2s,dinleniyorsun,2p,dinleniyorsunuz,True,prior_predicate_person,Prior predicate person,finite_predicate
phase1_prior_predicate_person_2p,prior_predicate_person,2p,,Az önce geldiniz. Biraz ,dinleniyorsunuz,10,dinleniyorsunuz,B_suffix_split,din | leniyor | sunuz,1527 | 6567 | 1711,-11.665523946285248,-11.397937297821045,-0.2675866484642029,2,3s,dinleniyor,3s,dinleniyor,False,-3.8885079820950827,-5.249690135320027,1.3611821532249446,1,2s,dinleniyorsun,2p,dinleniyorsunuz,True,prior_predicate_person,Prior predicate person,finite_predicate
phase1_prior_predicate_person_2p,prior_predicate_person,2p,,Az önce geldiniz. Biraz ,dinleniyorsunuz,11,dinleniyorsunuz,B_suffix_split,din | leniyor | sunuz,1527 | 6567 | 1711,-11.785031139850616,-10.54280948638916,-1.2422216534614563,4,1p,dinleniyoruz,1p,dinleniyoruz,False,-3.928343713283539,-5.19622818628947,1.2678844730059309,1,2s,dinleniyorsun,2p,dinleniyorsunuz,True,prior_predicate_person,Prior predicate person,finite_predicate
phase1_prior_predicate_person_2s,prior_predicate_person,2s,,Az önce geldin. Biraz ,dinleniyorsun,0,dinleniyorsun,B_suffix_split,din | leniyor | sun,1527 | 6567 | 833,-1511.7675132751465,-1011.7243061065674,-500.0432071685791,6,1s,dinleniyorum,1s,dinleniyorum,False,-503.9225044250488,-503.0641059875488,-0.8583984375,2,2p,dinleniyorsunuz,2p,dinleniyorsunuz,False,prior_predicate_person,Prior predicate person,finite_predicate
phase1_prior_predicate_person_2s,prior_predicate_person,2s,,Az önce geldin. Biraz ,dinleniyorsun,1,dinleniyorsun,B_suffix_split,din | leniyor | sun,1527 | 6567 | 833,-762.5355145931244,-754.1640024185181,-8.371512174606323,6,1s,dinleniyorum,1s,dinleniyorum,False,-254.1785048643748,-253.597089022398,-0.5814158419767921,2,2p,dinleniyorsunuz,2p,dinleniyorsunuz,False,prior_predicate_person,Prior predicate person,finite_predicate
phase1_prior_predicate_person_2s,prior_predicate_person,2s,,Az önce geldin. Biraz ,dinleniyorsun,2,dinleniyorsun,B_suffix_split,din | leniyor | sun,1527 | 6567 | 833,-745.9646331071854,-740.8561062812805,-5.108526825904846,5,1s,dinleniyorum,1s,dinleniyorum,False,-248.6548777023951,-248.65853663285574,0.003658930460630927,1,2p,dinleniyorsunuz,2s,dinleniyorsun,True,prior_predicate_person,Prior predicate person,finite_predicate
phase1_prior_predicate_person_2s,prior_predicate_person,2s,,Az önce geldin. Biraz ,dinleniyorsun,3,dinleniyorsun,B_suffix_split,din | leniyor | sun,1527 | 6567 | 833,-570.4731310606003,-567.258602142334,-3.2145289182662964,5,1s,dinleniyorum,1s,dinleniyorum,False,-190.15771035353342,-189.92656608422598,-0.23114426930743548,2,2p,dinleniyorsunuz,2p,dinleniyorsunuz,False,prior_predicate_person,Prior predicate person,finite_predicate
phase1_prior_predicate_person_2s,prior_predicate_person,2s,,Az önce geldin. Biraz ,dinleniyorsun,4,dinleniyorsun,B_suffix_split,din | leniyor | sun,1527 | 6567 | 833,-430.52743697166443,-428.1973943710327,-2.330042600631714,4,3s,dinleniyor,3s,dinleniyor,False,-143.50914565722147,-143.05887913703918,-0.4502665201822822,2,2p,dinleniyorsunuz,2p,dinleniyorsunuz,False,prior_predicate_person,Prior predicate person,finite_predicate
phase1_prior_predicate_person_2s,prior_predicate_person,2s,,Az önce geldin. Biraz ,dinleniyorsun,5,dinleniyorsun,B_suffix_split,din | leniyor | sun,1527 | 6567 | 833,-352.52107334136963,-349.0501298904419,-3.4709434509277344,6,1s,dinleniyorum,1s,dinleniyorum,False,-117.50702444712321,-117.24608103434245,-0.2609434127807617,2,2p,dinleniyorsunuz,2p,dinleniyorsunuz,False,prior_predicate_person,Prior predicate person,finite_predicate
phase1_prior_predicate_person_2s,prior_predicate_person,2s,,Az önce geldin. Biraz ,dinleniyorsun,6,dinleniyorsun,B_suffix_split,din | leniyor | sun,1527 | 6567 | 833,-360.21965885162354,-356.3547649383545,-3.864893913269043,6,1s,dinleniyorum,1s,dinleniyorum,False,-120.07321961720784,-119.48551364739735,-0.5877059698104858,2,2p,dinleniyorsunuz,2p,dinleniyorsunuz,False,prior_predicate_person,Prior predicate person,finite_predicate
phase1_prior_predicate_person_2s,prior_predicate_person,2s,,Az önce geldin. Biraz ,dinleniyorsun,7,dinleniyorsun,B_suffix_split,din | leniyor | sun,1527 | 6567 | 833,-221.98433589935303,-218.83434057235718,-3.1499953269958496,5,1s,dinleniyorum,1s,dinleniyorum,False,-73.99477863311768,-73.30992829799652,-0.6848503351211548,2,2p,dinleniyorsunuz,2p,dinleniyorsunuz,False,prior_predicate_person,Prior predicate person,finite_predicate
phase1_prior_predicate_person_2s,prior_predicate_person,2s,,Az önce geldin. Biraz ,dinleniyorsun,8,dinleniyorsun,B_suffix_split,din | leniyor | sun,1527 | 6567 | 833,-79.03497463464737,-77.54460525512695,-1.4903693795204163,3,1s,dinleniyorum,1s,dinleniyorum,False,-26.344991544882458,-26.985331694285076,0.6403401494026184,1,2p,dinleniyorsunuz,2s,dinleniyorsun,True,prior_predicate_person,Prior predicate person,finite_predicate
phase1_prior_predicate_person_2s,prior_predicate_person,2s,,Az önce geldin. Biraz ,dinleniyorsun,9,dinleniyorsun,B_suffix_split,din | leniyor | sun,1527 | 6567 | 833,-40.798697769641876,-40.12727212905884,-0.6714256405830383,2,3s,dinleniyor,3s,dinleniyor,False,-13.599565923213959,-14.417089541753134,0.817523618539175,1,2p,dinleniyorsunuz,2s,dinleniyorsun,True,prior_predicate_person,Prior predicate person,finite_predicate
phase1_prior_predicate_person_2s,prior_predicate_person,2s,,Az önce geldin. Biraz ,dinleniyorsun,10,dinleniyorsun,B_suffix_split,din | leniyor | sun,1527 | 6567 | 833,-10.411047384142876,-10.21748971939087,-0.19355766475200653,2,3s,dinleniyor,3s,dinleniyor,False,-3.470349128047625,-4.7585939566294355,1.2882448285818104,1,2p,dinleniyorsunuz,2s,dinleniyorsun,True,prior_predicate_person,Prior predicate person,finite_predicate
phase1_prior_predicate_person_2s,prior_predicate_person,2s,,Az önce geldin. Biraz ,dinleniyorsun,11,dinleniyorsun,B_suffix_split,din | leniyor | sun,1527 | 6567 | 833,-10.410370707511902,-9.872924566268921,-0.537446141242981,2,3s,dinleniyor,3s,dinleniyor,False,-3.470123569170634,-4.6208681265513105,1.1507445573806767,1,2p,dinleniyorsunuz,2s,dinleniyorsun,True,prior_predicate_person,Prior predicate person,finite_predicate
phase1_prior_predicate_person_3p,prior_predicate_person,3p,,Az önce geldiler. Biraz ,dinleniyorlar,0,dinleniyorlar,C_multi_split,dinlen | iyorlar,10316 | 4880,-919.4236631393433,-915.8645830154419,-3.559080123901367,4,1s,dinleniyorum,1s,dinleniyorum,False,-459.71183156967163,-457.93229150772095,-1.7795400619506836,5,1s,dinleniyorum,1s,dinleniyorum,False,prior_predicate_person,Prior predicate person,finite_predicate
phase1_prior_predicate_person_3p,prior_predicate_person,3p,,Az önce geldiler. Biraz ,dinleniyorlar,1,dinleniyorlar,C_multi_split,dinlen | iyorlar,10316 | 4880,-716.0471677780151,-710.7603349685669,-5.286832809448242,3,1s,dinleniyorum,1s,dinleniyorum,False,-358.02358388900757,-239.022165770332,-119.00141811867556,5,2p,dinleniyorsunuz,2p,dinleniyorsunuz,False,prior_predicate_person,Prior predicate person,finite_predicate
phase1_prior_predicate_person_3p,prior_predicate_person,3p,,Az önce geldiler. Biraz ,dinleniyorlar,2,dinleniyorlar,C_multi_split,dinlen | iyorlar,10316 | 4880,-691.2033100128174,-687.0879740715027,-4.115335941314697,4,1s,dinleniyorum,1s,dinleniyorum,False,-345.6016550064087,-230.62914925813675,-114.97250574827194,6,2p,dinleniyorsunuz,2p,dinleniyorsunuz,False,prior_predicate_person,Prior predicate person,finite_predicate
phase1_prior_predicate_person_3p,prior_predicate_person,3p,,Az önce geldiler. Biraz ,dinleniyorlar,3,dinleniyorlar,C_multi_split,dinlen | iyorlar,10316 | 4880,-578.203236579895,-574.6908292770386,-3.5124073028564453,5,1s,dinleniyorum,1s,dinleniyorum,False,-289.1016182899475,-192.52322840690613,-96.57838988304138,6,2p,dinleniyorsunuz,2p,dinleniyorsunuz,False,prior_predicate_person,Prior predicate person,finite_predicate
phase1_prior_predicate_person_3p,prior_predicate_person,3p,,Az önce geldiler. Biraz ,dinleniyorlar,4,dinleniyorlar,C_multi_split,dinlen | iyorlar,10316 | 4880,-525.8472957611084,-522.7609539031982,-3.0863418579101562,6,3s,dinleniyor,3s,dinleniyor,False,-262.9236478805542,-174.66198893388113,-88.26165894667307,6,2p,dinleniyorsunuz,2p,dinleniyorsunuz,False,prior_predicate_person,Prior predicate person,finite_predicate
phase1_prior_predicate_person_3p,prior_predicate_person,3p,,Az önce geldiler. Biraz ,dinleniyorlar,5,dinleniyorlar,C_multi_split,dinlen | iyorlar,10316 | 4880,-414.0045051574707,-411.55875873565674,-2.445746421813965,4,1s,dinleniyorum,1s,dinleniyorum,False,-207.00225257873535,-138.44090072313944,-68.56135185559592,6,2p,dinleniyorsunuz,2p,dinleniyorsunuz,False,prior_predicate_person,Prior predicate person,finite_predicate
phase1_prior_predicate_person_3p,prior_predicate_person,3p,,Az önce geldiler. Biraz ,dinleniyorlar,6,dinleniyorlar,C_multi_split,dinlen | iyorlar,10316 | 4880,-414.6900463104248,-413.86925745010376,-0.8207888603210449,4,1s,dinleniyorum,1s,dinleniyorum,False,-207.3450231552124,-138.9573508898417,-68.3876722653707,6,2p,dinleniyorsunuz,2p,dinleniyorsunuz,False,prior_predicate_person,Prior predicate person,finite_predicate
phase1_prior_predicate_person_3p,prior_predicate_person,3p,,Az önce geldiler. Biraz ,dinleniyorlar,7,dinleniyorlar,C_multi_split,dinlen | iyorlar,10316 | 4880,-292.1636276245117,-291.07776498794556,-1.085862636566162,4,3s,dinleniyor,3s,dinleniyor,False,-146.08181381225586,-97.8228485584259,-48.258965253829956,6,2p,dinleniyorsunuz,2p,dinleniyorsunuz,False,prior_predicate_person,Prior predicate person,finite_predicate
phase1_prior_predicate_person_3p,prior_predicate_person,3p,,Az önce geldiler. Biraz ,dinleniyorlar,8,dinleniyorlar,C_multi_split,dinlen | iyorlar,10316 | 4880,-144.03456926345825,-145.4243688583374,1.3897995948791504,1,3s,dinleniyor,3p,dinleniyorlar,True,-72.01728463172913,-49.989587465922035,-22.02769716580709,3,2p,dinleniyorsunuz,2p,dinleniyorsunuz,False,prior_predicate_person,Prior predicate person,finite_predicate
phase1_prior_predicate_person_3p,prior_predicate_person,3p,,Az önce geldiler. Biraz ,dinleniyorlar,9,dinleniyorlar,C_multi_split,dinlen | iyorlar,10316 | 4880,-35.93452262878418,-38.481833934783936,2.547311305999756,1,1p,dinleniyoruz,3p,dinleniyorlar,True,-17.96726131439209,-14.730698744455973,-3.236562569936117,3,2p,dinleniyorsunuz,2p,dinleniyorsunuz,False,prior_predicate_person,Prior predicate person,finite_predicate
phase1_prior_predicate_person_3p,prior_predicate_person,3p,,Az önce geldiler. Biraz ,dinleniyorlar,10,dinleniyorlar,C_multi_split,dinlen | iyorlar,10316 | 4880,-10.111732959747314,-11.790820598602295,1.6790876388549805,1,1p,dinleniyoruz,3p,dinleniyorlar,True,-5.055866479873657,-5.330841700236003,0.2749752203623457,1,2p,dinleniyorsunuz,3p,dinleniyorlar,True,prior_predicate_person,Prior predicate person,finite_predicate
phase1_prior_predicate_person_3p,prior_predicate_person,3p,,Az önce geldiler. Biraz ,dinleniyorlar,11,dinleniyorlar,C_multi_split,dinlen | iyorlar,10316 | 4880,-9.85441255569458,-10.455152034759521,0.6007394790649414,1,1p,dinleniyoruz,3p,dinleniyorlar,True,-4.92720627784729,-5.005427837371826,0.07822155952453613,1,2p,dinleniyorsunuz,3p,dinleniyorlar,True,prior_predicate_person,Prior predicate person,finite_predicate
phase1_prior_predicate_person_3s,prior_predicate_person,3s,,Az önce geldi. Biraz ,dinleniyor,0,dinleniyor,C_multi_split,din | leniyor,1527 | 6567,-939.9424295425415,-939.1646175384521,-0.7778120040893555,2,1s,dinleniyorum,1s,dinleniyorum,False,-469.97121477127075,-462.06609598795575,-7.905118783315004,4,2p,dinleniyorsunuz,2p,dinleniyorsunuz,False,prior_predicate_person,Prior predicate person,finite_predicate
phase1_prior_predicate_person_3s,prior_predicate_person,3s,,Az önce geldi. Biraz ,dinleniyor,1,dinleniyor,C_multi_split,din | leniyor,1527 | 6567,-717.6570463180542,-711.5985879898071,-6.05845832824707,4,1s,dinleniyorum,1s,dinleniyorum,False,-358.8285231590271,-239.29156775275865,-119.53695540626845,6,2p,dinleniyorsunuz,2p,dinleniyorsunuz,False,prior_predicate_person,Prior predicate person,finite_predicate
phase1_prior_predicate_person_3s,prior_predicate_person,3s,,Az önce geldi. Biraz ,dinleniyor,2,dinleniyor,C_multi_split,din | leniyor,1527 | 6567,-691.4622316360474,-687.3249101638794,-4.137321472167969,3,1s,dinleniyorum,1s,dinleniyorum,False,-345.7311158180237,-230.75107820828757,-114.98003760973612,5,2p,dinleniyorsunuz,2p,dinleniyorsunuz,False,prior_predicate_person,Prior predicate person,finite_predicate
phase1_prior_predicate_person_3s,prior_predicate_person,3s,,Az önce geldi. Biraz ,dinleniyor,3,dinleniyor,C_multi_split,din | leniyor,1527 | 6567,-581.248354434967,-579.3053255081177,-1.9430289268493652,3,1s,dinleniyorum,1s,dinleniyorum,False,-290.6241772174835,-194.09046975771585,-96.53370745976767,5,2p,dinleniyorsunuz,2p,dinleniyorsunuz,False,prior_predicate_person,Prior predicate person,finite_predicate
phase1_prior_predicate_person_3s,prior_predicate_person,3s,,Az önce geldi. Biraz ,dinleniyor,4,dinleniyor,C_multi_split,din | leniyor,1527 | 6567,-494.71351623535156,-494.86828660964966,0.1547703742980957,1,1s,dinleniyorum,3s,dinleniyor,True,-247.35675811767578,-165.26839665571848,-82.0883614619573,3,2p,dinleniyorsunuz,2p,dinleniyorsunuz,False,prior_predicate_person,Prior predicate person,finite_predicate
phase1_prior_predicate_person_3s,prior_predicate_person,3s,,Az önce geldi. Biraz ,dinleniyor,5,dinleniyor,C_multi_split,din | leniyor,1527 | 6567,-369.5876326560974,-368.82646560668945,-0.761167049407959,2,1s,dinleniyorum,1s,dinleniyorum,False,-184.7938163280487,-124.14742819468181,-60.6463881333669,4,2p,dinleniyorsunuz,2p,dinleniyorsunuz,False,prior_predicate_person,Prior predicate person,finite_predicate
phase1_prior_predicate_person_3s,prior_predicate_person,3s,,Az önce geldi. Biraz ,dinleniyor,6,dinleniyor,C_multi_split,din | leniyor,1527 | 6567,-420.3296117782593,-418.67154121398926,-1.6580705642700195,3,1s,dinleniyorum,1s,dinleniyorum,False,-210.16480588912964,-140.7793844540914,-69.38542143503824,5,2p,dinleniyorsunuz,2p,dinleniyorsunuz,False,prior_predicate_person,Prior predicate person,finite_predicate
phase1_prior_predicate_person_3s,prior_predicate_person,3s,,Az önce geldi. Biraz ,dinleniyor,7,dinleniyor,C_multi_split,din | leniyor,1527 | 6567,-238.40852403640747,-237.76494789123535,-0.6435761451721191,2,1s,dinleniyorum,1s,dinleniyorum,False,-119.20426201820374,-79.90651973088582,-39.29774228731792,4,2p,dinleniyorsunuz,2p,dinleniyorsunuz,False,prior_predicate_person,Prior predicate person,finite_predicate
phase1_prior_predicate_person_3s,prior_predicate_person,3s,,Az önce geldi. Biraz ,dinleniyor,8,dinleniyor,C_multi_split,din | leniyor,1527 | 6567,-115.6951117515564,-114.6984510421753,-0.9966607093811035,3,1s,dinleniyorum,1s,dinleniyorum,False,-57.8475558757782,-39.50339984893799,-18.34415602684021,5,2p,dinleniyorsunuz,2p,dinleniyorsunuz,False,prior_predicate_person,Prior predicate person,finite_predicate
phase1_prior_predicate_person_3s,prior_predicate_person,3s,,Az önce geldi. Biraz ,dinleniyor,9,dinleniyor,C_multi_split,din | leniyor,1527 | 6567,-52.668736696243286,-51.53441047668457,-1.1343262195587158,2,1s,dinleniyorum,1s,dinleniyorum,False,-26.334368348121643,-18.54288872083028,-7.791479627291363,4,2p,dinleniyorsunuz,2p,dinleniyorsunuz,False,prior_predicate_person,Prior predicate person,finite_predicate
phase1_prior_predicate_person_3s,prior_predicate_person,3s,,Az önce geldi. Biraz ,dinleniyor,10,dinleniyor,C_multi_split,din | leniyor,1527 | 6567,-11.985194206237793,-10.843061923980713,-1.14213228225708,2,1s,dinleniyorum,1s,dinleniyorum,False,-5.9925971031188965,-4.779475847880046,-1.2131212552388506,4,2p,dinleniyorsunuz,2p,dinleniyorsunuz,False,prior_predicate_person,Prior predicate person,finite_predicate
phase1_prior_predicate_person_3s,prior_predicate_person,3s,,Az önce geldi. Biraz ,dinleniyor,11,dinleniyor,C_multi_split,din | leniyor,1527 | 6567,-11.747228622436523,-10.232919692993164,-1.5143089294433594,3,1s,dinleniyorum,1s,dinleniyorum,False,-5.873614311218262,-4.747039794921875,-1.1265745162963867,5,2p,dinleniyorsunuz,2p,dinleniyorsunuz,False,prior_predicate_person,Prior predicate person,finite_predicate
