pair_id,variant,actual_person,subject,prefix_text,target_form,layer,correct_candidate_form,correct_candidate_type,correct_candidate_tokens,correct_candidate_token_ids,correct_score_sum,best_wrong_score_sum,person_margin_sum,correct_form_rank_sum,best_wrong_person_sum,best_wrong_form_sum,selected_person_sum,selected_form_sum,selected_is_correct_sum,correct_score_mean,best_wrong_score_mean,person_margin_mean,correct_form_rank_mean,best_wrong_person_mean,best_wrong_form_mean,selected_person_mean,selected_form_mean,selected_is_correct_mean,condition
pilot_gitmek_simdiki_1p,overt,1p,Biz,Biz her gün okula ,gidiyoruz,0,gidiyoruz,A_merged,gidiyoruz,19015,-564.5795288085938,-561.4922485351562,-3.0872802734375,4,3s,gidiyor,3s,gidiyor,False,-564.5795288085938,-344.9312210083008,-219.64830780029297,6,2p,gidiyorsunuz,2p,gidiyorsunuz,False,original_overt_vs_ambiguous
pilot_gitmek_simdiki_1p,overt,1p,Biz,Biz her gün okula ,gidiyoruz,1,gidiyoruz,A_merged,gidiyoruz,19015,-381.2571105957031,-377.0106201171875,-4.246490478515625,6,3s,gidiyor,3s,gidiyor,False,-381.2571105957031,-188.87591469287872,-192.3811959028244,6,2p,gidiyorsunuz,2p,gidiyorsunuz,False,original_overt_vs_ambiguous
pilot_gitmek_simdiki_1p,overt,1p,Biz,Biz her gün okula ,gidiyoruz,2,gidiyoruz,A_merged,gidiyoruz,19015,-90.83267211914062,-87.54462432861328,-3.2880477905273438,5,3s,gidiyor,3s,gidiyor,False,-90.83267211914062,-44.2704735994339,-46.562198519706726,5,2p,gidiyorsunuz,2p,gidiyorsunuz,False,original_overt_vs_ambiguous
pilot_gitmek_simdiki_1p,overt,1p,Biz,Biz her gün okula ,gidiyoruz,3,gidiyoruz,A_merged,gidiyoruz,19015,-142.81741333007812,-139.52859497070312,-3.288818359375,5,3s,gidiyor,3s,gidiyor,False,-142.81741333007812,-70.42260444164276,-72.39480888843536,5,2p,gidiyorsunuz,2p,gidiyorsunuz,False,original_overt_vs_ambiguous
pilot_gitmek_simdiki_1p,overt,1p,Biz,Biz her gün okula ,gidiyoruz,4,gidiyoruz,A_merged,gidiyoruz,19015,-116.08141326904297,-113.23566436767578,-2.8457489013671875,5,3s,gidiyor,3s,gidiyor,False,-116.08141326904297,-57.35816651582718,-58.72324675321579,5,2p,gidiyorsunuz,2p,gidiyorsunuz,False,original_overt_vs_ambiguous
pilot_gitmek_simdiki_1p,overt,1p,Biz,Biz her gün okula ,gidiyoruz,5,gidiyoruz,A_merged,gidiyoruz,19015,-7.5555739402771,-4.540383338928223,-3.015190601348877,3,3s,gidiyor,3s,gidiyor,False,-7.5555739402771,-3.7953805923461914,-3.760193347930908,5,2p,gidiyorsunuz,2p,gidiyorsunuz,False,original_overt_vs_ambiguous
pilot_gitmek_simdiki_1p,overt,1p,Biz,Biz her gün okula ,gidiyoruz,6,gidiyoruz,A_merged,gidiyoruz,19015,-7.504158973693848,-4.996132850646973,-2.508026123046875,4,3s,gidiyor,3s,gidiyor,False,-7.504158973693848,-3.625132441520691,-3.8790265321731567,5,2p,gidiyorsunuz,2p,gidiyorsunuz,False,original_overt_vs_ambiguous
pilot_gitmek_simdiki_1p,overt,1p,Biz,Biz her gün okula ,gidiyoruz,7,gidiyoruz,A_merged,gidiyoruz,19015,-7.435746192932129,-5.408792495727539,-2.02695369720459,4,3s,gidiyor,3s,gidiyor,False,-7.435746192932129,-3.322831392288208,-4.112914800643921,5,2p,gidiyorsunuz,2p,gidiyorsunuz,False,original_overt_vs_ambiguous
pilot_gitmek_simdiki_1p,overt,1p,Biz,Biz her gün okula ,gidiyoruz,8,gidiyoruz,A_merged,gidiyoruz,19015,-6.69534158706665,-4.522127628326416,-2.1732139587402344,4,3s,gidiyor,3s,gidiyor,False,-6.69534158706665,-2.9447054862976074,-3.750636100769043,5,2p,gidiyorsunuz,2p,gidiyorsunuz,False,original_overt_vs_ambiguous
pilot_gitmek_simdiki_1p,overt,1p,Biz,Biz her gün okula ,gidiyoruz,9,gidiyoruz,A_merged,gidiyoruz,19015,-4.341326713562012,-3.1659018993377686,-1.1754248142242432,3,1s,gidiyorum,1s,gidiyorum,False,-4.341326713562012,-2.408318877220154,-1.933007836341858,5,2p,gidiyorsunuz,2p,gidiyorsunuz,False,original_overt_vs_ambiguous
pilot_gitmek_simdiki_1p,overt,1p,Biz,Biz her gün okula ,gidiyoruz,10,gidiyoruz,A_merged,gidiyoruz,19015,-3.755272388458252,-3.088837146759033,-0.6664352416992188,3,1s,gidiyorum,1s,gidiyorum,False,-3.755272388458252,-3.088837146759033,-0.6664352416992188,5,1s,gidiyorum,1s,gidiyorum,False,original_overt_vs_ambiguous
pilot_gitmek_simdiki_1p,overt,1p,Biz,Biz her gün okula ,gidiyoruz,11,gidiyoruz,A_merged,gidiyoruz,19015,-2.446492910385132,-2.502563238143921,0.05607032775878906,1,1s,gidiyorum,1p,gidiyoruz,True,-2.446492910385132,-2.502563238143921,0.05607032775878906,1,1s,gidiyorum,1p,gidiyoruz,True,original_overt_vs_ambiguous
pilot_gitmek_simdiki_1p,prodrop,1p,,Her gün okula ,gidiyoruz,0,gidiyoruz,A_merged,gidiyoruz,19015,-644.5890502929688,-640.9400634765625,-3.64898681640625,4,3s,gidiyor,3s,gidiyor,False,-644.5890502929688,-364.88113021850586,-279.7079200744629,6,2p,gidiyorsunuz,2p,gidiyorsunuz,False,original_overt_vs_ambiguous
pilot_gitmek_simdiki_1p,prodrop,1p,,Her gün okula ,gidiyoruz,1,gidiyoruz,A_merged,gidiyoruz,19015,-489.1380310058594,-484.4312744140625,-4.706756591796875,6,3s,gidiyor,3s,gidiyor,False,-489.1380310058594,-242.622019469738,-246.51601153612137,6,2p,gidiyorsunuz,2p,gidiyorsunuz,False,original_overt_vs_ambiguous
pilot_gitmek_simdiki_1p,prodrop,1p,,Her gün okula ,gidiyoruz,2,gidiyoruz,A_merged,gidiyoruz,19015,-178.80337524414062,-174.76602172851562,-4.037353515625,5,3s,gidiyor,3s,gidiyor,False,-178.80337524414062,-87.9318078160286,-90.87156742811203,5,2p,gidiyorsunuz,2p,gidiyorsunuz,False,original_overt_vs_ambiguous
pilot_gitmek_simdiki_1p,prodrop,1p,,Her gün okula ,gidiyoruz,3,gidiyoruz,A_merged,gidiyoruz,19015,-212.36639404296875,-208.4141387939453,-3.9522552490234375,5,3s,gidiyor,3s,gidiyor,False,-212.36639404296875,-105.02284646034241,-107.34354758262634,5,2p,gidiyorsunuz,2p,gidiyorsunuz,False,original_overt_vs_ambiguous
pilot_gitmek_simdiki_1p,prodrop,1p,,Her gün okula ,gidiyoruz,4,gidiyoruz,A_merged,gidiyoruz,19015,-175.42662048339844,-171.9226531982422,-3.50396728515625,5,3s,gidiyor,3s,gidiyor,False,-175.42662048339844,-86.7762861251831,-88.65033435821533,5,2p,gidiyorsunuz,2p,gidiyorsunuz,False,original_overt_vs_ambiguous
pilot_gitmek_simdiki_1p,prodrop,1p,,Her gün okula ,gidiyoruz,5,gidiyoruz,A_merged,gidiyoruz,19015,-8.88802719116211,-5.374414443969727,-3.513612747192383,4,3s,gidiyor,3s,gidiyor,False,-8.88802719116211,-4.182619571685791,-4.705407619476318,5,2p,gidiyorsunuz,2p,gidiyorsunuz,False,original_overt_vs_ambiguous
pilot_gitmek_simdiki_1p,prodrop,1p,,Her gün okula ,gidiyoruz,6,gidiyoruz,A_merged,gidiyoruz,19015,-9.044973373413086,-5.721663475036621,-3.323309898376465,4,3s,gidiyor,3s,gidiyor,False,-9.044973373413086,-3.9558191299438477,-5.089154243469238,5,2p,gidiyorsunuz,2p,gidiyorsunuz,False,original_overt_vs_ambiguous
pilot_gitmek_simdiki_1p,prodrop,1p,,Her gün okula ,gidiyoruz,7,gidiyoruz,A_merged,gidiyoruz,19015,-8.412353515625,-5.715874195098877,-2.696479320526123,4,3s,gidiyor,3s,gidiyor,False,-8.412353515625,-3.306326746940613,-5.106026768684387,5,2p,gidiyorsunuz,2p,gidiyorsunuz,False,original_overt_vs_ambiguous
pilot_gitmek_simdiki_1p,prodrop,1p,,Her gün okula ,gidiyoruz,8,gidiyoruz,A_merged,gidiyoruz,19015,-8.286458015441895,-4.832283973693848,-3.454174041748047,5,3s,gidiyor,3s,gidiyor,False,-8.286458015441895,-2.975569009780884,-5.310889005661011,5,2p,gidiyorsunuz,2p,gidiyorsunuz,False,original_overt_vs_ambiguous
pilot_gitmek_simdiki_1p,prodrop,1p,,Her gün okula ,gidiyoruz,9,gidiyoruz,A_merged,gidiyoruz,19015,-6.25911283493042,-3.2749743461608887,-2.9841384887695312,5,3s,gidiyor,3s,gidiyor,False,-6.25911283493042,-2.113788992166519,-4.145323842763901,5,2p,gidiyorsunuz,2p,gidiyorsunuz,False,original_overt_vs_ambiguous
pilot_gitmek_simdiki_1p,prodrop,1p,,Her gün okula ,gidiyoruz,10,gidiyoruz,A_merged,gidiyoruz,19015,-5.087337493896484,-3.3733222484588623,-1.714015245437622,3,3s,gidiyor,3s,gidiyor,False,-5.087337493896484,-2.6417042016983032,-2.445633292198181,5,2p,gidiyorsunuz,2p,gidiyorsunuz,False,original_overt_vs_ambiguous
pilot_gitmek_simdiki_1p,prodrop,1p,,Her gün okula ,gidiyoruz,11,gidiyoruz,A_merged,gidiyoruz,19015,-3.9021477699279785,-2.9341702461242676,-0.9679775238037109,3,1s,gidiyorum,1s,gidiyorum,False,-3.9021477699279785,-2.5059025287628174,-1.3962452411651611,5,2p,gidiyorsunuz,2p,gidiyorsunuz,False,original_overt_vs_ambiguous
pilot_gitmek_simdiki_1s,overt,1s,Ben,Ben her gün okula ,gidiyorum,0,gidiyorum,A_merged,gidiyorum,23301,-562.1678466796875,-560.3045654296875,-1.86328125,2,3s,gidiyor,3s,gidiyor,False,-562.1678466796875,-348.39695739746094,-213.77088928222656,4,2p,gidiyorsunuz,2p,gidiyorsunuz,False,original_overt_vs_ambiguous
pilot_gitmek_simdiki_1s,overt,1s,Ben,Ben her gün okula ,gidiyorum,1,gidiyorum,A_merged,gidiyorum,23301,-310.9617919921875,-308.40179443359375,-2.55999755859375,4,3s,gidiyor,3s,gidiyor,False,-310.9617919921875,-154.90390974283218,-156.05788224935532,4,2p,gidiyorsunuz,2p,gidiyorsunuz,False,original_overt_vs_ambiguous
pilot_gitmek_simdiki_1s,overt,1s,Ben,Ben her gün okula ,gidiyorum,2,gidiyorum,A_merged,gidiyorum,23301,-31.117576599121094,-28.930404663085938,-2.1871719360351562,4,3s,gidiyor,3s,gidiyor,False,-31.117576599121094,-15.250423192977905,-15.867153406143188,4,2p,gidiyorsunuz,2p,gidiyorsunuz,False,original_overt_vs_ambiguous
pilot_gitmek_simdiki_1s,overt,1s,Ben,Ben her gün okula ,gidiyorum,3,gidiyorum,A_merged,gidiyorum,23301,-118.0531997680664,-116.69510650634766,-1.35809326171875,2,3s,gidiyor,3s,gidiyor,False,-118.0531997680664,-59.385942697525024,-58.66725707054138,4,2p,gidiyorsunuz,2p,gidiyorsunuz,False,original_overt_vs_ambiguous
pilot_gitmek_simdiki_1s,overt,1s,Ben,Ben her gün okula ,gidiyorum,4,gidiyorum,A_merged,gidiyorum,23301,-71.05474090576172,-69.55646514892578,-1.4982757568359375,2,3s,gidiyor,3s,gidiyor,False,-71.05474090576172,-35.97499120235443,-35.07974970340729,4,2p,gidiyorsunuz,2p,gidiyorsunuz,False,original_overt_vs_ambiguous
pilot_gitmek_simdiki_1s,overt,1s,Ben,Ben her gün okula ,gidiyorum,5,gidiyorum,A_merged,gidiyorum,23301,-6.271461486816406,-4.3102006912231445,-1.9612607955932617,2,3s,gidiyor,3s,gidiyor,False,-6.271461486816406,-3.9182403087615967,-2.3532211780548096,4,2s,gidiyorsun,2s,gidiyorsun,False,original_overt_vs_ambiguous
pilot_gitmek_simdiki_1s,overt,1s,Ben,Ben her gün okula ,gidiyorum,6,gidiyorum,A_merged,gidiyorum,23301,-5.659495830535889,-4.697981834411621,-0.9615139961242676,2,3s,gidiyor,3s,gidiyor,False,-5.659495830535889,-3.704093337059021,-1.9554024934768677,4,2p,gidiyorsunuz,2p,gidiyorsunuz,False,original_overt_vs_ambiguous
pilot_gitmek_simdiki_1s,overt,1s,Ben,Ben her gün okula ,gidiyorum,7,gidiyorum,A_merged,gidiyorum,23301,-5.457009792327881,-5.276681900024414,-0.1803278923034668,2,3s,gidiyor,3s,gidiyor,False,-5.457009792327881,-3.427613377571106,-2.029396414756775,4,2p,gidiyorsunuz,2p,gidiyorsunuz,False,original_overt_vs_ambiguous
pilot_gitmek_simdiki_1s,overt,1s,Ben,Ben her gün okula ,gidiyorum,8,gidiyorum,A_merged,gidiyorum,23301,-4.225557327270508,-4.395331382751465,0.16977405548095703,1,3s,gidiyor,1s,gidiyorum,True,-4.225557327270508,-3.0032301545143127,-1.222327172756195,3,2p,gidiyorsunuz,2p,gidiyorsunuz,False,original_overt_vs_ambiguous
pilot_gitmek_simdiki_1s,overt,1s,Ben,Ben her gün okula ,gidiyorum,9,gidiyorum,A_merged,gidiyorum,23301,-2.278667688369751,-3.26473069190979,0.9860630035400391,1,3s,gidiyor,1s,gidiyorum,True,-2.278667688369751,-2.8593958616256714,0.5807281732559204,1,2p,gidiyorsunuz,1s,gidiyorum,True,original_overt_vs_ambiguous
pilot_gitmek_simdiki_1s,overt,1s,Ben,Ben her gün okula ,gidiyorum,10,gidiyorum,A_merged,gidiyorum,23301,-2.059560537338257,-3.161031484603882,1.101470947265625,1,3s,gidiyor,1s,gidiyorum,True,-2.059560537338257,-3.0637903213500977,1.0042297840118408,1,2s,gidiyorsun,1s,gidiyorum,True,original_overt_vs_ambiguous
pilot_gitmek_simdiki_1s,overt,1s,Ben,Ben her gün okula ,gidiyorum,11,gidiyorum,A_merged,gidiyorum,23301,-2.093291997909546,-2.7899959087371826,0.6967039108276367,1,3s,gidiyor,1s,gidiyorum,True,-2.093291997909546,-2.7899959087371826,0.6967039108276367,1,3s,gidiyor,1s,gidiyorum,True,original_overt_vs_ambiguous
pilot_gitmek_simdiki_1s,prodrop,1s,,Her gün okula ,gidiyorum,0,gidiyorum,A_merged,gidiyorum,23301,-643.226806640625,-640.9400634765625,-2.2867431640625,2,3s,gidiyor,3s,gidiyor,False,-643.226806640625,-364.88113021850586,-278.34567642211914,4,2p,gidiyorsunuz,2p,gidiyorsunuz,False,original_overt_vs_ambiguous
pilot_gitmek_simdiki_1s,prodrop,1s,,Her gün okula ,gidiyorum,1,gidiyorum,A_merged,gidiyorum,23301,-487.8515625,-484.4312744140625,-3.4202880859375,5,3s,gidiyor,3s,gidiyor,False,-487.8515625,-242.622019469738,-245.229543030262,5,2p,gidiyorsunuz,2p,gidiyorsunuz,False,original_overt_vs_ambiguous
pilot_gitmek_simdiki_1s,prodrop,1s,,Her gün okula ,gidiyorum,2,gidiyorum,A_merged,gidiyorum,23301,-177.69117736816406,-174.76602172851562,-2.9251556396484375,4,3s,gidiyor,3s,gidiyor,False,-177.69117736816406,-87.9318078160286,-89.75936955213547,4,2p,gidiyorsunuz,2p,gidiyorsunuz,False,original_overt_vs_ambiguous
pilot_gitmek_simdiki_1s,prodrop,1s,,Her gün okula ,gidiyorum,3,gidiyorum,A_merged,gidiyorum,23301,-210.47549438476562,-208.4141387939453,-2.0613555908203125,3,3s,gidiyor,3s,gidiyor,False,-210.47549438476562,-105.02284646034241,-105.45264792442322,4,2p,gidiyorsunuz,2p,gidiyorsunuz,False,original_overt_vs_ambiguous
pilot_gitmek_simdiki_1s,prodrop,1s,,Her gün okula ,gidiyorum,4,gidiyorum,A_merged,gidiyorum,23301,-174.36753845214844,-171.9226531982422,-2.44488525390625,3,3s,gidiyor,3s,gidiyor,False,-174.36753845214844,-86.7762861251831,-87.59125232696533,4,2p,gidiyorsunuz,2p,gidiyorsunuz,False,original_overt_vs_ambiguous
pilot_gitmek_simdiki_1s,prodrop,1s,,Her gün okula ,gidiyorum,5,gidiyorum,A_merged,gidiyorum,23301,-8.252352714538574,-5.374414443969727,-2.8779382705688477,2,3s,gidiyor,3s,gidiyor,False,-8.252352714538574,-4.182619571685791,-4.069733142852783,4,2p,gidiyorsunuz,2p,gidiyorsunuz,False,original_overt_vs_ambiguous
pilot_gitmek_simdiki_1s,prodrop,1s,,Her gün okula ,gidiyorum,6,gidiyorum,A_merged,gidiyorum,23301,-7.465579986572266,-5.721663475036621,-1.7439165115356445,2,3s,gidiyor,3s,gidiyor,False,-7.465579986572266,-3.9558191299438477,-3.509760856628418,4,2p,gidiyorsunuz,2p,gidiyorsunuz,False,original_overt_vs_ambiguous
pilot_gitmek_simdiki_1s,prodrop,1s,,Her gün okula ,gidiyorum,7,gidiyorum,A_merged,gidiyorum,23301,-7.0218048095703125,-5.715874195098877,-1.3059306144714355,3,3s,gidiyor,3s,gidiyor,False,-7.0218048095703125,-3.306326746940613,-3.7154780626296997,4,2p,gidiyorsunuz,2p,gidiyorsunuz,False,original_overt_vs_ambiguous
pilot_gitmek_simdiki_1s,prodrop,1s,,Her gün okula ,gidiyorum,8,gidiyorum,A_merged,gidiyorum,23301,-6.035080909729004,-4.832283973693848,-1.2027969360351562,3,3s,gidiyor,3s,gidiyor,False,-6.035080909729004,-2.975569009780884,-3.05951189994812,4,2p,gidiyorsunuz,2p,gidiyorsunuz,False,original_overt_vs_ambiguous
pilot_gitmek_simdiki_1s,prodrop,1s,,Her gün okula ,gidiyorum,9,gidiyorum,A_merged,gidiyorum,23301,-3.996286392211914,-3.2749743461608887,-0.7213120460510254,2,3s,gidiyor,3s,gidiyor,False,-3.996286392211914,-2.113788992166519,-1.882497400045395,4,2p,gidiyorsunuz,2p,gidiyorsunuz,False,original_overt_vs_ambiguous
pilot_gitmek_simdiki_1s,prodrop,1s,,Her gün okula ,gidiyorum,10,gidiyorum,A_merged,gidiyorum,23301,-3.5905520915985107,-3.3733222484588623,-0.21722984313964844,2,3s,gidiyor,3s,gidiyor,False,-3.5905520915985107,-2.6417042016983032,-0.9488478899002075,4,2p,gidiyorsunuz,2p,gidiyorsunuz,False,original_overt_vs_ambiguous
pilot_gitmek_simdiki_1s,prodrop,1s,,Her gün okula ,gidiyorum,11,gidiyorum,A_merged,gidiyorum,23301,-2.9341702461242676,-3.014890193939209,0.0807199478149414,1,3s,gidiyor,1s,gidiyorum,True,-2.9341702461242676,-2.5059025287628174,-0.4282677173614502,2,2p,gidiyorsunuz,2p,gidiyorsunuz,False,original_overt_vs_ambiguous
pilot_gitmek_simdiki_2p,overt,2p,Siz,Siz her gün okula ,gidiyorsunuz,0,gidiyorsunuz,B_suffix_split,gidiyor | sunuz,6215 | 1711,-675.9961242675781,-545.1631469726562,-130.83297729492188,5,3s,gidiyor,3s,gidiyor,False,-337.99806213378906,-338.7600631713867,0.7620010375976562,1,2s,gidiyorsun,2p,gidiyorsunuz,True,original_overt_vs_ambiguous
pilot_gitmek_simdiki_2p,overt,2p,Siz,Siz her gün okula ,gidiyorsunuz,1,gidiyorsunuz,B_suffix_split,gidiyor | sunuz,6215 | 1711,-370.0486251413822,-369.64276123046875,-0.4058639109134674,2,3s,gidiyor,3s,gidiyor,False,-185.0243125706911,-186.0308300256729,1.006517454981804,1,2s,gidiyorsun,2p,gidiyorsunuz,True,original_overt_vs_ambiguous
pilot_gitmek_simdiki_2p,overt,2p,Siz,Siz her gün okula ,gidiyorsunuz,2,gidiyorsunuz,B_suffix_split,gidiyor | sunuz,6215 | 1711,-105.74580854177475,-105.01815795898438,-0.7276505827903748,2,3s,gidiyor,3s,gidiyor,False,-52.872904270887375,-53.52817678451538,0.655272513628006,1,2s,gidiyorsun,2p,gidiyorsunuz,True,original_overt_vs_ambiguous
pilot_gitmek_simdiki_2p,overt,2p,Siz,Siz her gün okula ,gidiyorsunuz,3,gidiyorsunuz,B_suffix_split,gidiyor | sunuz,6215 | 1711,-148.5335168838501,-147.4578094482422,-1.0757074356079102,2,3s,gidiyor,3s,gidiyor,False,-74.26675844192505,-74.92656707763672,0.6598086357116699,1,2s,gidiyorsun,2p,gidiyorsunuz,True,original_overt_vs_ambiguous
pilot_gitmek_simdiki_2p,overt,2p,Siz,Siz her gün okula ,gidiyorsunuz,4,gidiyorsunuz,B_suffix_split,gidiyor | sunuz,6215 | 1711,-105.06256258487701,-104.03181457519531,-1.0307480096817017,2,3s,gidiyor,3s,gidiyor,False,-52.53128129243851,-53.42890429496765,0.8976230025291443,1,2s,gidiyorsun,2p,gidiyorsunuz,True,original_overt_vs_ambiguous
pilot_gitmek_simdiki_2p,overt,2p,Siz,Siz her gün okula ,gidiyorsunuz,5,gidiyorsunuz,B_suffix_split,gidiyor | sunuz,6215 | 1711,-6.643627643585205,-4.381006240844727,-2.2626214027404785,2,3s,gidiyor,3s,gidiyor,False,-3.3218138217926025,-3.96167254447937,0.6398587226867676,1,2s,gidiyorsun,2p,gidiyorsunuz,True,original_overt_vs_ambiguous
pilot_gitmek_simdiki_2p,overt,2p,Siz,Siz her gün okula ,gidiyorsunuz,6,gidiyorsunuz,B_suffix_split,gidiyor | sunuz,6215 | 1711,-6.196454167366028,-4.790660858154297,-1.405793309211731,2,3s,gidiyor,3s,gidiyor,False,-3.098227083683014,-4.218904972076416,1.120677888393402,1,2s,gidiyorsun,2p,gidiyorsunuz,True,original_overt_vs_ambiguous
pilot_gitmek_simdiki_2p,overt,2p,Siz,Siz her gün okula ,gidiyorsunuz,7,gidiyorsunuz,B_suffix_split,gidiyor | sunuz,6215 | 1711,-5.965837836265564,-5.362992286682129,-0.6028455495834351,2,3s,gidiyor,3s,gidiyor,False,-2.982918918132782,-4.523957967758179,1.5410390496253967,1,2s,gidiyorsun,2p,gidiyorsunuz,True,original_overt_vs_ambiguous
pilot_gitmek_simdiki_2p,overt,2p,Siz,Siz her gün okula ,gidiyorsunuz,8,gidiyorsunuz,B_suffix_split,gidiyor | sunuz,6215 | 1711,-5.078216314315796,-4.5211310386657715,-0.5570852756500244,2,3s,gidiyor,3s,gidiyor,False,-2.539108157157898,-3.873698115348816,1.334589958190918,1,2s,gidiyorsun,2p,gidiyorsunuz,True,original_overt_vs_ambiguous
pilot_gitmek_simdiki_2p,overt,2p,Siz,Siz her gün okula ,gidiyorsunuz,9,gidiyorsunuz,B_suffix_split,gidiyor | sunuz,6215 | 1711,-3.5795984864234924,-3.17356014251709,-0.4060383439064026,2,3s,gidiyor,3s,gidiyor,False,-1.7897992432117462,-3.17356014251709,1.3837608993053436,1,3s,gidiyor,2p,gidiyorsunuz,True,original_overt_vs_ambiguous
pilot_gitmek_simdiki_2p,overt,2p,Siz,Siz her gün okula ,gidiyorsunuz,10,gidiyorsunuz,B_suffix_split,gidiyor | sunuz,6215 | 1711,-4.040071606636047,-2.923954486846924,-1.1161171197891235,3,3s,gidiyor,3s,gidiyor,False,-2.0200358033180237,-2.845230221748352,0.8251944184303284,1,2s,gidiyorsun,2p,gidiyorsunuz,True,original_overt_vs_ambiguous
pilot_gitmek_simdiki_2p,overt,2p,Siz,Siz her gün okula ,gidiyorsunuz,11,gidiyorsunuz,B_suffix_split,gidiyor | sunuz,6215 | 1711,-4.035824418067932,-2.60872220993042,-1.4271022081375122,4,3s,gidiyor,3s,gidiyor,False,-2.017912209033966,-2.60872220993042,0.5908100008964539,1,3s,gidiyor,2p,gidiyorsunuz,True,original_overt_vs_ambiguous
pilot_gitmek_simdiki_2p,prodrop,2p,,Her gün okula ,gidiyorsunuz,0,gidiyorsunuz,B_suffix_split,gidiyor | sunuz,6215 | 1711,-729.7622604370117,-640.9400634765625,-88.82219696044922,5,3s,gidiyor,3s,gidiyor,False,-364.88113021850586,-365.33393478393555,0.4528045654296875,1,2s,gidiyorsun,2p,gidiyorsunuz,True,original_overt_vs_ambiguous
pilot_gitmek_simdiki_2p,prodrop,2p,,Her gün okula ,gidiyorsunuz,1,gidiyorsunuz,B_suffix_split,gidiyor | sunuz,6215 | 1711,-485.244038939476,-484.4312744140625,-0.8127645254135132,2,3s,gidiyor,3s,gidiyor,False,-242.622019469738,-243.23843121528625,0.6164117455482483,1,2s,gidiyorsun,2p,gidiyorsunuz,True,original_overt_vs_ambiguous
pilot_gitmek_simdiki_2p,prodrop,2p,,Her gün okula ,gidiyorsunuz,2,gidiyorsunuz,B_suffix_split,gidiyor | sunuz,6215 | 1711,-175.8636156320572,-174.76602172851562,-1.097593903541565,2,3s,gidiyor,3s,gidiyor,False,-87.9318078160286,-88.25166684389114,0.31985902786254883,1,2s,gidiyorsun,2p,gidiyorsunuz,True,original_overt_vs_ambiguous
pilot_gitmek_simdiki_2p,prodrop,2p,,Her gün okula ,gidiyorsunuz,3,gidiyorsunuz,B_suffix_split,gidiyor | sunuz,6215 | 1711,-210.04569292068481,-208.4141387939453,-1.631554126739502,2,3s,gidiyor,3s,gidiyor,False,-105.02284646034241,-105.23791861534119,0.2150721549987793,1,2s,gidiyorsun,2p,gidiyorsunuz,True,original_overt_vs_ambiguous
pilot_gitmek_simdiki_2p,prodrop,2p,,Her gün okula ,gidiyorsunuz,4,gidiyorsunuz,B_suffix_split,gidiyor | sunuz,6215 | 1711,-173.5525722503662,-171.9226531982422,-1.6299190521240234,2,3s,gidiyor,3s,gidiyor,False,-86.7762861251831,-87.21417951583862,0.4378933906555176,1,2s,gidiyorsun,2p,gidiyorsunuz,True,original_overt_vs_ambiguous
pilot_gitmek_simdiki_2p,prodrop,2p,,Her gün okula ,gidiyorsunuz,5,gidiyorsunuz,B_suffix_split,gidiyor | sunuz,6215 | 1711,-8.365239143371582,-5.374414443969727,-2.9908246994018555,3,3s,gidiyor,3s,gidiyor,False,-4.182619571685791,-4.522101640701294,0.33948206901550293,1,2s,gidiyorsun,2p,gidiyorsunuz,True,original_overt_vs_ambiguous
pilot_gitmek_simdiki_2p,prodrop,2p,,Her gün okula ,gidiyorsunuz,6,gidiyorsunuz,B_suffix_split,gidiyor | sunuz,6215 | 1711,-7.911638259887695,-5.721663475036621,-2.189974784851074,3,3s,gidiyor,3s,gidiyor,False,-3.9558191299438477,-4.827549934387207,0.8717308044433594,1,2s,gidiyorsun,2p,gidiyorsunuz,True,original_overt_vs_ambiguous
pilot_gitmek_simdiki_2p,prodrop,2p,,Her gün okula ,gidiyorsunuz,7,gidiyorsunuz,B_suffix_split,gidiyor | sunuz,6215 | 1711,-6.612653493881226,-5.715874195098877,-0.8967792987823486,2,3s,gidiyor,3s,gidiyor,False,-3.306326746940613,-4.496170401573181,1.1898436546325684,1,2s,gidiyorsun,2p,gidiyorsunuz,True,original_overt_vs_ambiguous
pilot_gitmek_simdiki_2p,prodrop,2p,,Her gün okula ,gidiyorsunuz,8,gidiyorsunuz,B_suffix_split,gidiyor | sunuz,6215 | 1711,-5.951138019561768,-4.832283973693848,-1.11885404586792,2,3s,gidiyor,3s,gidiyor,False,-2.975569009780884,-3.733734369277954,0.7581653594970703,1,2s,gidiyorsun,2p,gidiyorsunuz,True,original_overt_vs_ambiguous
pilot_gitmek_simdiki_2p,prodrop,2p,,Her gün okula ,gidiyorsunuz,9,gidiyorsunuz,B_suffix_split,gidiyor | sunuz,6215 | 1711,-4.227577984333038,-3.2749743461608887,-0.9526036381721497,3,3s,gidiyor,3s,gidiyor,False,-2.113788992166519,-2.959218382835388,0.845429390668869,1,2s,gidiyorsun,2p,gidiyorsunuz,True,original_overt_vs_ambiguous
pilot_gitmek_simdiki_2p,prodrop,2p,,Her gün okula ,gidiyorsunuz,10,gidiyorsunuz,B_suffix_split,gidiyor | sunuz,6215 | 1711,-5.2834084033966064,-3.3733222484588623,-1.9100861549377441,4,3s,gidiyor,3s,gidiyor,False,-2.6417042016983032,-2.938485264778137,0.296781063079834,1,2s,gidiyorsun,2p,gidiyorsunuz,True,original_overt_vs_ambiguous
pilot_gitmek_simdiki_2p,prodrop,2p,,Her gün okula ,gidiyorsunuz,11,gidiyorsunuz,B_suffix_split,gidiyor | sunuz,6215 | 1711,-5.011805057525635,-2.9341702461242676,-2.077634811401367,5,1s,gidiyorum,1s,gidiyorum,False,-2.5059025287628174,-2.9341702461242676,0.4282677173614502,1,1s,gidiyorum,2p,gidiyorsunuz,True,original_overt_vs_ambiguous
pilot_gitmek_simdiki_2s,overt,2s,Sen,Sen her gün okula ,gidiyorsun,0,gidiyorsun,B_suffix_split,gidiyor | sun,6215 | 833,-676.1148223876953,-585.7542114257812,-90.36061096191406,6,3s,gidiyor,3s,gidiyor,False,-338.05741119384766,-337.59563064575195,-0.4617805480957031,2,2p,gidiyorsunuz,2p,gidiyorsunuz,False,original_overt_vs_ambiguous
pilot_gitmek_simdiki_2s,overt,2s,Sen,Sen her gün okula ,gidiyorsun,1,gidiyorsun,B_suffix_split,gidiyor | sun,6215 | 833,-386.5782712697983,-384.6576843261719,-1.9205869436264038,3,3s,gidiyor,3s,gidiyor,False,-193.28913563489914,-192.87787979841232,-0.4112558364868164,2,2p,gidiyorsunuz,2p,gidiyorsunuz,False,original_overt_vs_ambiguous
pilot_gitmek_simdiki_2s,overt,2s,Sen,Sen her gün okula ,gidiyorsun,2,gidiyorsun,B_suffix_split,gidiyor | sun,6215 | 833,-113.7277443408966,-111.90426635742188,-1.8234779834747314,3,3s,gidiyor,3s,gidiyor,False,-56.8638721704483,-56.6022983789444,-0.26157379150390625,2,2p,gidiyorsunuz,2p,gidiyorsunuz,False,original_overt_vs_ambiguous
pilot_gitmek_simdiki_2s,overt,2s,Sen,Sen her gün okula ,gidiyorsun,3,gidiyorsun,B_suffix_split,gidiyor | sun,6215 | 833,-169.23649668693542,-167.07908630371094,-2.1574103832244873,4,3s,gidiyor,3s,gidiyor,False,-84.61824834346771,-84.30445802211761,-0.31379032135009766,2,2p,gidiyorsunuz,2p,gidiyorsunuz,False,original_overt_vs_ambiguous
pilot_gitmek_simdiki_2s,overt,2s,Sen,Sen her gün okula ,gidiyorsun,4,gidiyorsun,B_suffix_split,gidiyor | sun,6215 | 833,-111.20064997673035,-109.14871215820312,-2.0519378185272217,3,3s,gidiyor,3s,gidiyor,False,-55.60032498836517,-55.30022704601288,-0.3000979423522949,2,2p,gidiyorsunuz,2p,gidiyorsunuz,False,original_overt_vs_ambiguous
pilot_gitmek_simdiki_2s,overt,2s,Sen,Sen her gün okula ,gidiyorsun,5,gidiyorsun,B_suffix_split,gidiyor | sun,6215 | 833,-7.363107681274414,-4.430899620056152,-2.9322080612182617,2,3s,gidiyor,3s,gidiyor,False,-3.681553840637207,-3.6891627311706543,0.007608890533447266,1,2p,gidiyorsunuz,2s,gidiyorsun,True,original_overt_vs_ambiguous
pilot_gitmek_simdiki_2s,overt,2s,Sen,Sen her gün okula ,gidiyorsun,6,gidiyorsun,B_suffix_split,gidiyor | sun,6215 | 833,-7.6494810581207275,-4.771827697753906,-2.8776533603668213,4,3s,gidiyor,3s,gidiyor,False,-3.8247405290603638,-3.3015228509902954,-0.5232176780700684,2,2p,gidiyorsunuz,2p,gidiyorsunuz,False,original_overt_vs_ambiguous
pilot_gitmek_simdiki_2s,overt,2s,Sen,Sen her gün okula ,gidiyorsun,7,gidiyorsun,B_suffix_split,gidiyor | sun,6215 | 833,-8.007637023925781,-5.24578857421875,-2.7618484497070312,4,3s,gidiyor,3s,gidiyor,False,-4.003818511962891,-2.9652896225452423,-1.0385288894176483,2,2p,gidiyorsunuz,2p,gidiyorsunuz,False,original_overt_vs_ambiguous
pilot_gitmek_simdiki_2s,overt,2s,Sen,Sen her gün okula ,gidiyorsun,8,gidiyorsun,B_suffix_split,gidiyor | sun,6215 | 833,-6.481436729431152,-4.31189489364624,-2.169541835784912,4,3s,gidiyor,3s,gidiyor,False,-3.240718364715576,-2.534030497074127,-0.706687867641449,2,2p,gidiyorsunuz,2p,gidiyorsunuz,False,original_overt_vs_ambiguous
pilot_gitmek_simdiki_2s,overt,2s,Sen,Sen her gün okula ,gidiyorsun,9,gidiyorsun,B_suffix_split,gidiyor | sun,6215 | 833,-4.830688714981079,-2.8195276260375977,-2.0111610889434814,4,3s,gidiyor,3s,gidiyor,False,-2.4153443574905396,-1.816963791847229,-0.5983805656433105,2,2p,gidiyorsunuz,2p,gidiyorsunuz,False,original_overt_vs_ambiguous
pilot_gitmek_simdiki_2s,overt,2s,Sen,Sen her gün okula ,gidiyorsun,10,gidiyorsun,B_suffix_split,gidiyor | sun,6215 | 833,-4.069299340248108,-2.633012294769287,-1.4362870454788208,3,3s,gidiyor,3s,gidiyor,False,-2.034649670124054,-2.344874143600464,0.3102244734764099,1,2p,gidiyorsunuz,2s,gidiyorsun,True,original_overt_vs_ambiguous
pilot_gitmek_simdiki_2s,overt,2s,Sen,Sen her gün okula ,gidiyorsun,11,gidiyorsun,B_suffix_split,gidiyor | sun,6215 | 833,-4.0078184604644775,-2.337778329849243,-1.6700401306152344,4,3s,gidiyor,3s,gidiyor,False,-2.0039092302322388,-2.337778329849243,0.3338690996170044,1,3s,gidiyor,2s,gidiyorsun,True,original_overt_vs_ambiguous
pilot_gitmek_simdiki_2s,prodrop,2s,,Her gün okula ,gidiyorsun,0,gidiyorsun,B_suffix_split,gidiyor | sun,6215 | 833,-730.6678695678711,-640.9400634765625,-89.7278060913086,6,3s,gidiyor,3s,gidiyor,False,-365.33393478393555,-364.88113021850586,-0.4528045654296875,2,2p,gidiyorsunuz,2p,gidiyorsunuz,False,original_overt_vs_ambiguous
pilot_gitmek_simdiki_2s,prodrop,2s,,Her gün okula ,gidiyorsun,1,gidiyorsun,B_suffix_split,gidiyor | sun,6215 | 833,-486.4768624305725,-484.4312744140625,-2.0455880165100098,3,3s,gidiyor,3s,gidiyor,False,-243.23843121528625,-242.622019469738,-0.6164117455482483,2,2p,gidiyorsunuz,2p,gidiyorsunuz,False,original_overt_vs_ambiguous
pilot_gitmek_simdiki_2s,prodrop,2s,,Her gün okula ,gidiyorsun,2,gidiyorsun,B_suffix_split,gidiyor | sun,6215 | 833,-176.5033336877823,-174.76602172851562,-1.7373119592666626,3,3s,gidiyor,3s,gidiyor,False,-88.25166684389114,-87.9318078160286,-0.31985902786254883,2,2p,gidiyorsunuz,2p,gidiyorsunuz,False,original_overt_vs_ambiguous
pilot_gitmek_simdiki_2s,prodrop,2s,,Her gün okula ,gidiyorsun,3,gidiyorsun,B_suffix_split,gidiyor | sun,6215 | 833,-210.47583723068237,-208.4141387939453,-2.0616984367370605,4,3s,gidiyor,3s,gidiyor,False,-105.23791861534119,-105.02284646034241,-0.2150721549987793,2,2p,gidiyorsunuz,2p,gidiyorsunuz,False,original_overt_vs_ambiguous
pilot_gitmek_simdiki_2s,prodrop,2s,,Her gün okula ,gidiyorsun,4,gidiyorsun,B_suffix_split,gidiyor | sun,6215 | 833,-174.42835903167725,-171.9226531982422,-2.5057058334350586,4,3s,gidiyor,3s,gidiyor,False,-87.21417951583862,-86.7762861251831,-0.4378933906555176,2,2p,gidiyorsunuz,2p,gidiyorsunuz,False,original_overt_vs_ambiguous
pilot_gitmek_simdiki_2s,prodrop,2s,,Her gün okula ,gidiyorsun,5,gidiyorsun,B_suffix_split,gidiyor | sun,6215 | 833,-9.044203281402588,-5.374414443969727,-3.6697888374328613,5,3s,gidiyor,3s,gidiyor,False,-4.522101640701294,-4.182619571685791,-0.33948206901550293,2,2p,gidiyorsunuz,2p,gidiyorsunuz,False,original_overt_vs_ambiguous
pilot_gitmek_simdiki_2s,prodrop,2s,,Her gün okula ,gidiyorsun,6,gidiyorsun,B_suffix_split,gidiyor | sun,6215 | 833,-9.655099868774414,-5.721663475036621,-3.933436393737793,6,3s,gidiyor,3s,gidiyor,False,-4.827549934387207,-3.9558191299438477,-0.8717308044433594,2,2p,gidiyorsunuz,2p,gidiyorsunuz,False,original_overt_vs_ambiguous
pilot_gitmek_simdiki_2s,prodrop,2s,,Her gün okula ,gidiyorsun,7,gidiyorsun,B_suffix_split,gidiyor | sun,6215 | 833,-8.992340803146362,-5.715874195098877,-3.2764666080474854,5,3s,gidiyor,3s,gidiyor,False,-4.496170401573181,-3.306326746940613,-1.1898436546325684,2,2p,gidiyorsunuz,2p,gidiyorsunuz,False,original_overt_vs_ambiguous
pilot_gitmek_simdiki_2s,prodrop,2s,,Her gün okula ,gidiyorsun,8,gidiyorsun,B_suffix_split,gidiyor | sun,6215 | 833,-7.467468738555908,-4.832283973693848,-2.6351847648620605,4,3s,gidiyor,3s,gidiyor,False,-3.733734369277954,-2.975569009780884,-0.7581653594970703,2,2p,gidiyorsunuz,2p,gidiyorsunuz,False,original_overt_vs_ambiguous
pilot_gitmek_simdiki_2s,prodrop,2s,,Her gün okula ,gidiyorsun,9,gidiyorsun,B_suffix_split,gidiyor | sun,6215 | 833,-5.918436765670776,-3.2749743461608887,-2.6434624195098877,4,3s,gidiyor,3s,gidiyor,False,-2.959218382835388,-2.113788992166519,-0.845429390668869,2,2p,gidiyorsunuz,2p,gidiyorsunuz,False,original_overt_vs_ambiguous
pilot_gitmek_simdiki_2s,prodrop,2s,,Her gün okula ,gidiyorsun,10,gidiyorsun,B_suffix_split,gidiyor | sun,6215 | 833,-5.876970529556274,-3.3733222484588623,-2.503648281097412,6,3s,gidiyor,3s,gidiyor,False,-2.938485264778137,-2.6417042016983032,-0.296781063079834,2,2p,gidiyorsunuz,2p,gidiyorsunuz,False,original_overt_vs_ambiguous
pilot_gitmek_simdiki_2s,prodrop,2s,,Her gün okula ,gidiyorsun,11,gidiyorsun,B_suffix_split,gidiyor | sun,6215 | 833,-6.104401588439941,-2.9341702461242676,-3.170231342315674,6,1s,gidiyorum,1s,gidiyorum,False,-3.0522007942199707,-2.5059025287628174,-0.5462982654571533,4,2p,gidiyorsunuz,2p,gidiyorsunuz,False,original_overt_vs_ambiguous
pilot_gitmek_simdiki_3p,overt,3p,Onlar,Onlar her gün okula ,gidiyorlar,0,gidiyorlar,A_merged,gidiyorlar,41311,-585.4550170898438,-583.871826171875,-1.58319091796875,2,3s,gidiyor,3s,gidiyor,False,-585.4550170898438,-349.9554748535156,-235.49954223632812,4,2p,gidiyorsunuz,2p,gidiyorsunuz,False,original_overt_vs_ambiguous
pilot_gitmek_simdiki_3p,overt,3p,Onlar,Onlar her gün okula ,gidiyorlar,1,gidiyorlar,A_merged,gidiyorlar,41311,-368.2638244628906,-365.3582763671875,-2.905548095703125,4,3s,gidiyor,3s,gidiyor,False,-368.2638244628906,-183.05676540732384,-185.2070590555668,4,2p,gidiyorsunuz,2p,gidiyorsunuz,False,original_overt_vs_ambiguous
pilot_gitmek_simdiki_3p,overt,3p,Onlar,Onlar her gün okula ,gidiyorlar,2,gidiyorlar,A_merged,gidiyorlar,41311,-128.1945037841797,-124.38265991210938,-3.8118438720703125,5,3s,gidiyor,3s,gidiyor,False,-128.1945037841797,-62.67111328244209,-65.5233905017376,5,2p,gidiyorsunuz,2p,gidiyorsunuz,False,original_overt_vs_ambiguous
pilot_gitmek_simdiki_3p,overt,3p,Onlar,Onlar her gün okula ,gidiyorlar,3,gidiyorlar,A_merged,gidiyorlar,41311,-190.21658325195312,-186.31124877929688,-3.90533447265625,5,3s,gidiyor,3s,gidiyor,False,-190.21658325195312,-93.74528402090073,-96.4712992310524,5,2p,gidiyorsunuz,2p,gidiyorsunuz,False,original_overt_vs_ambiguous
pilot_gitmek_simdiki_3p,overt,3p,Onlar,Onlar her gün okula ,gidiyorlar,4,gidiyorlar,A_merged,gidiyorlar,41311,-132.3179931640625,-128.9530487060547,-3.3649444580078125,4,3s,gidiyor,3s,gidiyor,False,-132.3179931640625,-65.25473755598068,-67.06325560808182,4,2p,gidiyorsunuz,2p,gidiyorsunuz,False,original_overt_vs_ambiguous
pilot_gitmek_simdiki_3p,overt,3p,Onlar,Onlar her gün okula ,gidiyorlar,5,gidiyorlar,A_merged,gidiyorlar,41311,-8.900365829467773,-5.529004096984863,-3.37136173248291,2,3s,gidiyor,3s,gidiyor,False,-8.900365829467773,-4.469536185264587,-4.430829644203186,4,2p,gidiyorsunuz,2p,gidiyorsunuz,False,original_overt_vs_ambiguous
pilot_gitmek_simdiki_3p,overt,3p,Onlar,Onlar her gün okula ,gidiyorlar,6,gidiyorlar,A_merged,gidiyorlar,41311,-8.144083976745605,-5.271667003631592,-2.8724169731140137,2,3s,gidiyor,3s,gidiyor,False,-8.144083976745605,-4.410015344619751,-3.7340686321258545,4,2p,gidiyorsunuz,2p,gidiyorsunuz,False,original_overt_vs_ambiguous
pilot_gitmek_simdiki_3p,overt,3p,Onlar,Onlar her gün okula ,gidiyorlar,7,gidiyorlar,A_merged,gidiyorlar,41311,-8.063945770263672,-5.189291000366211,-2.874654769897461,2,3s,gidiyor,3s,gidiyor,False,-8.063945770263672,-4.120984673500061,-3.942961096763611,4,2p,gidiyorsunuz,2p,gidiyorsunuz,False,original_overt_vs_ambiguous
pilot_gitmek_simdiki_3p,overt,3p,Onlar,Onlar her gün okula ,gidiyorlar,8,gidiyorlar,A_merged,gidiyorlar,41311,-6.586642265319824,-3.999732255935669,-2.5869100093841553,2,3s,gidiyor,3s,gidiyor,False,-6.586642265319824,-3.999732255935669,-2.5869100093841553,4,3s,gidiyor,3s,gidiyor,False,original_overt_vs_ambiguous
pilot_gitmek_simdiki_3p,overt,3p,Onlar,Onlar her gün okula ,gidiyorlar,9,gidiyorlar,A_merged,gidiyorlar,41311,-4.526838302612305,-2.1879379749298096,-2.338900327682495,2,3s,gidiyor,3s,gidiyor,False,-4.526838302612305,-2.1879379749298096,-2.338900327682495,4,3s,gidiyor,3s,gidiyor,False,original_overt_vs_ambiguous
pilot_gitmek_simdiki_3p,overt,3p,Onlar,Onlar her gün okula ,gidiyorlar,10,gidiyorlar,A_merged,gidiyorlar,41311,-4.045079231262207,-2.5748531818389893,-1.4702260494232178,2,3s,gidiyor,3s,gidiyor,False,-4.045079231262207,-2.5748531818389893,-1.4702260494232178,2,3s,gidiyor,3s,gidiyor,False,original_overt_vs_ambiguous
pilot_gitmek_simdiki_3p,overt,3p,Onlar,Onlar her gün okula ,gidiyorlar,11,gidiyorlar,A_merged,gidiyorlar,41311,-2.544064521789551,-1.8621805906295776,-0.6818839311599731,2,3s,gidiyor,3s,gidiyor,False,-2.544064521789551,-1.8621805906295776,-0.6818839311599731,2,3s,gidiyor,3s,gidiyor,False,original_overt_vs_ambiguous
pilot_gitmek_simdiki_3p,prodrop,3p,,Her gün okula ,gidiyorlar,0,gidiyorlar,A_merged,gidiyorlar,41311,-643.2281494140625,-640.9400634765625,-2.2880859375,3,3s,gidiyor,3s,gidiyor,False,-643.2281494140625,-364.88113021850586,-278.34701919555664,5,2p,gidiyorsunuz,2p,gidiyorsunuz,False,original_overt_vs_ambiguous
pilot_gitmek_simdiki_3p,prodrop,3p,,Her gün okula ,gidiyorlar,1,gidiyorlar,A_merged,gidiyorlar,41311,-487.7298583984375,-484.4312744140625,-3.298583984375,4,3s,gidiyor,3s,gidiyor,False,-487.7298583984375,-242.622019469738,-245.1078389286995,4,2p,gidiyorsunuz,2p,gidiyorsunuz,False,original_overt_vs_ambiguous
pilot_gitmek_simdiki_3p,prodrop,3p,,Her gün okula ,gidiyorlar,2,gidiyorlar,A_merged,gidiyorlar,41311,-178.99072265625,-174.76602172851562,-4.224700927734375,6,3s,gidiyor,3s,gidiyor,False,-178.99072265625,-87.9318078160286,-91.0589148402214,6,2p,gidiyorsunuz,2p,gidiyorsunuz,False,original_overt_vs_ambiguous
pilot_gitmek_simdiki_3p,prodrop,3p,,Her gün okula ,gidiyorlar,3,gidiyorlar,A_merged,gidiyorlar,41311,-212.66159057617188,-208.4141387939453,-4.2474517822265625,6,3s,gidiyor,3s,gidiyor,False,-212.66159057617188,-105.02284646034241,-107.63874411582947,6,2p,gidiyorsunuz,2p,gidiyorsunuz,False,original_overt_vs_ambiguous
pilot_gitmek_simdiki_3p,prodrop,3p,,Her gün okula ,gidiyorlar,4,gidiyorlar,A_merged,gidiyorlar,41311,-175.74440002441406,-171.9226531982422,-3.821746826171875,6,3s,gidiyor,3s,gidiyor,False,-175.74440002441406,-86.7762861251831,-88.96811389923096,6,2p,gidiyorsunuz,2p,gidiyorsunuz,False,original_overt_vs_ambiguous
pilot_gitmek_simdiki_3p,prodrop,3p,,Her gün okula ,gidiyorlar,5,gidiyorlar,A_merged,gidiyorlar,41311,-9.403136253356934,-5.374414443969727,-4.028721809387207,6,3s,gidiyor,3s,gidiyor,False,-9.403136253356934,-4.182619571685791,-5.220516681671143,6,2p,gidiyorsunuz,2p,gidiyorsunuz,False,original_overt_vs_ambiguous
pilot_gitmek_simdiki_3p,prodrop,3p,,Her gün okula ,gidiyorlar,6,gidiyorlar,A_merged,gidiyorlar,41311,-9.163752555847168,-5.721663475036621,-3.442089080810547,5,3s,gidiyor,3s,gidiyor,False,-9.163752555847168,-3.9558191299438477,-5.20793342590332,6,2p,gidiyorsunuz,2p,gidiyorsunuz,False,original_overt_vs_ambiguous
pilot_gitmek_simdiki_3p,prodrop,3p,,Her gün okula ,gidiyorlar,7,gidiyorlar,A_merged,gidiyorlar,41311,-9.180747985839844,-5.715874195098877,-3.464873790740967,6,3s,gidiyor,3s,gidiyor,False,-9.180747985839844,-3.306326746940613,-5.874421238899231,6,2p,gidiyorsunuz,2p,gidiyorsunuz,False,original_overt_vs_ambiguous
pilot_gitmek_simdiki_3p,prodrop,3p,,Her gün okula ,gidiyorlar,8,gidiyorlar,A_merged,gidiyorlar,41311,-8.304781913757324,-4.832283973693848,-3.4724979400634766,6,3s,gidiyor,3s,gidiyor,False,-8.304781913757324,-2.975569009780884,-5.32921290397644,6,2p,gidiyorsunuz,2p,gidiyorsunuz,False,original_overt_vs_ambiguous
pilot_gitmek_simdiki_3p,prodrop,3p,,Her gün okula ,gidiyorlar,9,gidiyorlar,A_merged,gidiyorlar,41311,-6.825556755065918,-3.2749743461608887,-3.5505824089050293,6,3s,gidiyor,3s,gidiyor,False,-6.825556755065918,-2.113788992166519,-4.711767762899399,6,2p,gidiyorsunuz,2p,gidiyorsunuz,False,original_overt_vs_ambiguous
pilot_gitmek_simdiki_3p,prodrop,3p,,Her gün okula ,gidiyorlar,10,gidiyorlar,A_merged,gidiyorlar,41311,-5.65329647064209,-3.3733222484588623,-2.2799742221832275,5,3s,gidiyor,3s,gidiyor,False,-5.65329647064209,-2.6417042016983032,-3.0115922689437866,6,2p,gidiyorsunuz,2p,gidiyorsunuz,False,original_overt_vs_ambiguous
pilot_gitmek_simdiki_3p,prodrop,3p,,Her gün okula ,gidiyorlar,11,gidiyorlar,A_merged,gidiyorlar,41311,-4.936613082885742,-2.9341702461242676,-2.0024428367614746,4,1s,gidiyorum,1s,gidiyorum,False,-4.936613082885742,-2.5059025287628174,-2.430710554122925,6,2p,gidiyorsunuz,2p,gidiyorsunuz,False,original_overt_vs_ambiguous
pilot_gitmek_simdiki_3s,overt,3s,O,O her gün okula ,gidiyor,0,gidiyor,A_merged,gidiyor,6215,-607.5689086914062,-609.3115234375,1.74261474609375,1,3p,gidiyorlar,3s,gidiyor,True,-607.5689086914062,-363.9769096374512,-243.59199905395508,3,2p,gidiyorsunuz,2p,gidiyorsunuz,False,original_overt_vs_ambiguous
pilot_gitmek_simdiki_3s,overt,3s,O,O her gün okula ,gidiyor,1,gidiyor,A_merged,gidiyor,6215,-457.6261291503906,-460.8279724121094,3.20184326171875,1,3p,gidiyorlar,3s,gidiyor,True,-457.6261291503906,-238.83194828033447,-218.79418087005615,3,2p,gidiyorsunuz,2p,gidiyorsunuz,False,original_overt_vs_ambiguous
pilot_gitmek_simdiki_3s,overt,3s,O,O her gün okula ,gidiyor,2,gidiyor,A_merged,gidiyor,6215,-148.23062133789062,-149.35538268089294,1.1247613430023193,1,2p,gidiyorsunuz,3s,gidiyor,True,-148.23062133789062,-74.67769134044647,-73.55292999744415,3,2p,gidiyorsunuz,2p,gidiyorsunuz,False,original_overt_vs_ambiguous
pilot_gitmek_simdiki_3s,overt,3s,O,O her gün okula ,gidiyor,3,gidiyor,A_merged,gidiyor,6215,-224.47532653808594,-225.8510639667511,1.3757374286651611,1,2p,gidiyorsunuz,3s,gidiyor,True,-224.47532653808594,-112.92553198337555,-111.54979455471039,3,2p,gidiyorsunuz,2p,gidiyorsunuz,False,original_overt_vs_ambiguous
pilot_gitmek_simdiki_3s,overt,3s,O,O her gün okula ,gidiyor,4,gidiyor,A_merged,gidiyor,6215,-237.09689331054688,-238.70663940906525,1.6097460985183716,1,2p,gidiyorsunuz,3s,gidiyor,True,-237.09689331054688,-119.35331970453262,-117.74357360601425,3,2p,gidiyorsunuz,2p,gidiyorsunuz,False,original_overt_vs_ambiguous
pilot_gitmek_simdiki_3s,overt,3s,O,O her gün okula ,gidiyor,5,gidiyor,A_merged,gidiyor,6215,-65.3518295288086,-68.568368434906,3.216538906097412,1,2s,gidiyorsun,3s,gidiyor,True,-65.3518295288086,-34.284184217453,-31.06764531135559,3,2s,gidiyorsun,2s,gidiyorsun,False,original_overt_vs_ambiguous
pilot_gitmek_simdiki_3s,overt,3s,O,O her gün okula ,gidiyor,6,gidiyor,A_merged,gidiyor,6215,-5.255445957183838,-7.806532859802246,2.551086902618408,1,1s,gidiyorum,3s,gidiyor,True,-5.255445957183838,-4.353994965553284,-0.9014509916305542,3,2p,gidiyorsunuz,2p,gidiyorsunuz,False,original_overt_vs_ambiguous
pilot_gitmek_simdiki_3s,overt,3s,O,O her gün okula ,gidiyor,7,gidiyor,A_merged,gidiyor,6215,-5.124825477600098,-7.352269172668457,2.2274436950683594,1,1s,gidiyorum,3s,gidiyor,True,-5.124825477600098,-4.149517774581909,-0.9753077030181885,3,2p,gidiyorsunuz,2p,gidiyorsunuz,False,original_overt_vs_ambiguous
pilot_gitmek_simdiki_3s,overt,3s,O,O her gün okula ,gidiyor,8,gidiyor,A_merged,gidiyor,6215,-3.896693706512451,-6.369309902191162,2.472616195678711,1,1s,gidiyorum,3s,gidiyor,True,-3.896693706512451,-4.570230841636658,0.6735371351242065,1,2s,gidiyorsun,3s,gidiyor,True,original_overt_vs_ambiguous
pilot_gitmek_simdiki_3s,overt,3s,O,O her gün okula ,gidiyor,9,gidiyor,A_merged,gidiyor,6215,-2.3718864917755127,-4.786048889160156,2.4141623973846436,1,1s,gidiyorum,3s,gidiyor,True,-2.3718864917755127,-3.698554039001465,1.3266675472259521,1,2s,gidiyorsun,3s,gidiyor,True,original_overt_vs_ambiguous
pilot_gitmek_simdiki_3s,overt,3s,O,O her gün okula ,gidiyor,10,gidiyor,A_merged,gidiyor,6215,-2.623034715652466,-4.783327102661133,2.160292387008667,1,1s,gidiyorum,3s,gidiyor,True,-2.623034715652466,-4.272743463516235,1.6497087478637695,1,2s,gidiyorsun,3s,gidiyor,True,original_overt_vs_ambiguous
pilot_gitmek_simdiki_3s,overt,3s,O,O her gün okula ,gidiyor,11,gidiyor,A_merged,gidiyor,6215,-2.018839120864868,-4.297972679138184,2.2791335582733154,1,1s,gidiyorum,3s,gidiyor,True,-2.018839120864868,-4.227053880691528,2.20821475982666,1,2s,gidiyorsun,3s,gidiyor,True,original_overt_vs_ambiguous
pilot_gitmek_simdiki_3s,prodrop,3s,,Her gün okula ,gidiyor,0,gidiyor,A_merged,gidiyor,6215,-640.9400634765625,-643.226806640625,2.2867431640625,1,1s,gidiyorum,3s,gidiyor,True,-640.9400634765625,-364.88113021850586,-276.05893325805664,3,2p,gidiyorsunuz,2p,gidiyorsunuz,False,original_overt_vs_ambiguous
pilot_gitmek_simdiki_3s,prodrop,3s,,Her gün okula ,gidiyor,1,gidiyor,A_merged,gidiyor,6215,-484.4312744140625,-485.244038939476,0.8127645254135132,1,2p,gidiyorsunuz,3s,gidiyor,True,-484.4312744140625,-242.622019469738,-241.8092549443245,3,2p,gidiyorsunuz,2p,gidiyorsunuz,False,original_overt_vs_ambiguous
pilot_gitmek_simdiki_3s,prodrop,3s,,Her gün okula ,gidiyor,2,gidiyor,A_merged,gidiyor,6215,-174.76602172851562,-175.8636156320572,1.097593903541565,1,2p,gidiyorsunuz,3s,gidiyor,True,-174.76602172851562,-87.9318078160286,-86.83421391248703,3,2p,gidiyorsunuz,2p,gidiyorsunuz,False,original_overt_vs_ambiguous
pilot_gitmek_simdiki_3s,prodrop,3s,,Her gün okula ,gidiyor,3,gidiyor,A_merged,gidiyor,6215,-208.4141387939453,-210.04569292068481,1.631554126739502,1,2p,gidiyorsunuz,3s,gidiyor,True,-208.4141387939453,-105.02284646034241,-103.3912923336029,3,2p,gidiyorsunuz,2p,gidiyorsunuz,False,original_overt_vs_ambiguous
pilot_gitmek_simdiki_3s,prodrop,3s,,Her gün okula ,gidiyor,4,gidiyor,A_merged,gidiyor,6215,-171.9226531982422,-173.5525722503662,1.6299190521240234,1,2p,gidiyorsunuz,3s,gidiyor,True,-171.9226531982422,-86.7762861251831,-85.14636707305908,3,2p,gidiyorsunuz,2p,gidiyorsunuz,False,original_overt_vs_ambiguous
pilot_gitmek_simdiki_3s,prodrop,3s,,Her gün okula ,gidiyor,5,gidiyor,A_merged,gidiyor,6215,-5.374414443969727,-8.252352714538574,2.8779382705688477,1,1s,gidiyorum,3s,gidiyor,True,-5.374414443969727,-4.182619571685791,-1.1917948722839355,3,2p,gidiyorsunuz,2p,gidiyorsunuz,False,original_overt_vs_ambiguous
pilot_gitmek_simdiki_3s,prodrop,3s,,Her gün okula ,gidiyor,6,gidiyor,A_merged,gidiyor,6215,-5.721663475036621,-7.465579986572266,1.7439165115356445,1,1s,gidiyorum,3s,gidiyor,True,-5.721663475036621,-3.9558191299438477,-1.7658443450927734,3,2p,gidiyorsunuz,2p,gidiyorsunuz,False,original_overt_vs_ambiguous
pilot_gitmek_simdiki_3s,prodrop,3s,,Her gün okula ,gidiyor,7,gidiyor,A_merged,gidiyor,6215,-5.715874195098877,-6.612653493881226,0.8967792987823486,1,2p,gidiyorsunuz,3s,gidiyor,True,-5.715874195098877,-3.306326746940613,-2.409547448158264,3,2p,gidiyorsunuz,2p,gidiyorsunuz,False,original_overt_vs_ambiguous
pilot_gitmek_simdiki_3s,prodrop,3s,,Her gün okula ,gidiyor,8,gidiyor,A_merged,gidiyor,6215,-4.832283973693848,-5.951138019561768,1.11885404586792,1,2p,gidiyorsunuz,3s,gidiyor,True,-4.832283973693848,-2.975569009780884,-1.8567149639129639,3,2p,gidiyorsunuz,2p,gidiyorsunuz,False,original_overt_vs_ambiguous
pilot_gitmek_simdiki_3s,prodrop,3s,,Her gün okula ,gidiyor,9,gidiyor,A_merged,gidiyor,6215,-3.2749743461608887,-3.996286392211914,0.7213120460510254,1,1s,gidiyorum,3s,gidiyor,True,-3.2749743461608887,-2.113788992166519,-1.1611853539943695,3,2p,gidiyorsunuz,2p,gidiyorsunuz,False,original_overt_vs_ambiguous
pilot_gitmek_simdiki_3s,prodrop,3s,,Her gün okula ,gidiyor,10,gidiyor,A_merged,gidiyor,6215,-3.3733222484588623,-3.5905520915985107,0.21722984313964844,1,1s,gidiyorum,3s,gidiyor,True,-3.3733222484588623,-2.6417042016983032,-0.7316180467605591,3,2p,gidiyorsunuz,2p,gidiyorsunuz,False,original_overt_vs_ambiguous
pilot_gitmek_simdiki_3s,prodrop,3s,,Her gün okula ,gidiyor,11,gidiyor,A_merged,gidiyor,6215,-3.014890193939209,-2.9341702461242676,-0.0807199478149414,2,1s,gidiyorum,1s,gidiyorum,False,-3.014890193939209,-2.5059025287628174,-0.5089876651763916,3,2p,gidiyorsunuz,2p,gidiyorsunuz,False,original_overt_vs_ambiguous
